SK_ID_PREV,SK_ID_CURR,MONTHS_BALANCE,AMT_BALANCE,AMT_CREDIT_LIMIT_ACTUAL,AMT_DRAWINGS_ATM_CURRENT,AMT_DRAWINGS_CURRENT,AMT_DRAWINGS_OTHER_CURRENT,AMT_DRAWINGS_POS_CURRENT,AMT_INST_MIN_REGULARITY,AMT_PAYMENT_CURRENT,AMT_PAYMENT_TOTAL_CURRENT,AMT_RECEIVABLE_PRINCIPAL,AMT_RECIVABLE,AMT_TOTAL_RECEIVABLE,CNT_DRAWINGS_ATM_CURRENT,CNT_DRAWINGS_CURRENT,CNT_DRAWINGS_OTHER_CURRENT,CNT_DRAWINGS_POS_CURRENT,CNT_INSTALMENT_MATURE_CUM,NAME_CONTRACT_STATUS,SK_DPD,SK_DPD_DEF
1772977,407315,-6,0.0,0,0.0,0.0,0.0,0.0,0.0,696.465,696.465,0.0,0.0,0.0,0.0,0,0.0,0.0,21.0,Active,0,0
2486766,271368,-51,0.0,67500,0.0,0.0,0.0,0.0,0.0,269.64,0.0,0.0,-269.64,-269.64,0.0,0,0.0,0.0,35.0,Active,0,0
1723246,409076,-5,0.0,180000,0.0,130394.295,0.0,130394.295,0.0,22670.415,22670.415,0.0,0.0,0.0,0.0,49,0.0,49.0,2.0,Active,0,0
1772977,407315,-4,0.0,0,0.0,0.0,0.0,0.0,0.0,696.465,696.465,0.0,0.0,0.0,0.0,0,0.0,0.0,21.0,Active,0,0
2486766,271368,-75,60955.785,67500,0.0,0.0,0.0,0.0,3375.0,6750.0,6750.0,58497.03,60955.785,60955.785,0.0,0,0.0,0.0,19.0,Active,0,0
2486766,271368,-70,54464.85,67500,0.0,0.0,0.0,0.0,3375.0,3375.0,3375.0,52069.86,54464.85,54464.85,0.0,0,0.0,0.0,24.0,Active,0,0
2356293,448125,-50,100247.985,112500,0.0,0.0,0.0,0.0,5625.0,0.0,0.0,93831.075,99741.915,99741.915,0.0,0,0.0,0.0,35.0,Active,1,1
2258089,280342,-45,0.0,135000,0.0,0.0,0.0,0.0,0.0,241.38,0.0,0.0,0.0,0.0,0.0,0,0.0,0.0,36.0,Active,0,0
2462391,299564,-46,0.0,315000,,0.0,,,,,0.0,0.0,0.0,0.0,,0,,,,Active,0,0
2258089,280342,-36,0.0,135000,0.0,0.0,0.0,0.0,0.0,241.38,0.0,0.0,0.0,0.0,0.0,0,0.0,0.0,36.0,Active,0,0
1489539,126707,-12,0.0,90000,0.0,0.0,0.0,0.0,0.0,0.9,0.9,0.0,0.0,0.0,0.0,0,0.0,0.0,0.0,Active,0,0
2462391,299564,-18,0.0,45000,,0.0,,,0.0,,0.0,0.0,0.0,0.0,,0,,,0.0,Active,0,0
2486766,271368,-81,58833.54,67500,0.0,0.0,0.0,0.0,3375.0,6750.0,6750.0,56503.35,58833.54,58833.54,0.0,0,0.0,0.0,13.0,Active,0,0
2356293,448125,-74,85159.575,112500,0.0,0.0,0.0,0.0,5625.0,5625.0,5625.0,82123.155,84653.505,84653.505,0.0,0,0.0,0.0,11.0,Active,0,0
2306354,264627,-41,0.0,135000,0.0,0.0,0.0,0.0,0.0,106.695,0.0,0.0,0.0,0.0,0.0,0,0.0,0.0,40.0,Active,0,0
2306354,264627,-27,0.0,135000,0.0,0.0,0.0,0.0,0.0,106.695,0.0,0.0,0.0,0.0,0.0,0,0.0,0.0,40.0,Active,0,0
1328664,208312,-5,0.0,360000,,0.0,,,0.0,,0.0,0.0,0.0,0.0,,0,,,0.0,Active,0,0
1242466,131286,-7,161383.59,180000,0.0,0.0,0.0,0.0,8832.915,9450.0,9450.0,157757.895,161383.59,161383.59,0.0,0,0.0,0.0,8.0,Active,0,0
2486766,271368,-39,0.0,67500,0.0,0.0,0.0,0.0,0.0,269.64,0.0,0.0,0.0,0.0,0.0,0,0.0,0.0,35.0,Active,0,0
2486766,271368,-76,65247.03,67500,0.0,0.0,0.0,0.0,3375.0,4500.0,4500.0,62829.72,65247.03,65247.03,0.0,0,0.0,0.0,18.0,Active,0,0
2258089,280342,-21,0.0,0,0.0,0.0,0.0,0.0,0.0,241.38,0.0,0.0,0.0,0.0,0.0,0,0.0,0.0,36.0,Active,0,0
2356293,448125,-70,108572.85,112500,0.0,0.0,0.0,0.0,5625.0,5625.0,5625.0,105100.74,108066.78,108066.78,0.0,0,0.0,0.0,15.0,Active,0,0
2306354,264627,-76,137876.31,135000,0.0,0.0,0.0,0.0,6750.0,6750.0,6750.0,132887.97,137876.31,137876.31,0.0,0,0.0,0.0,15.0,Active,0,0
1153736,402376,-16,168179.265,540000,0.0,0.0,0.0,0.0,13305.105,51750.0,51750.0,160351.65,166814.055,166814.055,0.0,0,0.0,0.0,8.0,Active,0,0
2258089,280342,-72,75402.81,135000,0.0,0.0,0.0,0.0,6750.0,9000.0,9000.0,71619.84,75402.81,75402.81,0.0,0,0.0,0.0,23.0,Active,0,0
2356293,448125,-60,95652.225,112500,0.0,0.0,0.0,0.0,5625.0,5850.0,5850.0,92379.645,95146.155,95146.155,0.0,0,0.0,0.0,25.0,Active,0,0
1150047,353814,-16,0.0,45000,,0.0,,,0.0,,0.0,0.0,0.0,0.0,,0,,,0.0,Active,0,0
1254820,320940,-3,0.0,225000,,0.0,,,0.0,,0.0,0.0,0.0,0.0,,0,,,0.0,Active,0,0
2356293,448125,-24,0.0,112500,0.0,0.0,0.0,0.0,0.0,2.385,0.0,0.0,0.0,0.0,0.0,0,0.0,0.0,47.0,Active,0,0
2258089,280342,-66,132044.04,135000,0.0,0.0,0.0,0.0,6750.0,9000.0,9000.0,126968.31,132044.04,132044.04,0.0,0,0.0,0.0,29.0,Active,0,0
2486766,271368,-85,26668.71,67500,0.0,0.0,0.0,0.0,3375.0,4500.0,4500.0,25019.55,26668.71,26668.71,0.0,0,0.0,0.0,9.0,Active,0,0
2306354,264627,-57,134851.455,135000,0.0,0.0,0.0,0.0,6750.0,6750.0,6750.0,129727.035,134851.455,134851.455,0.0,0,0.0,0.0,34.0,Active,0,0
1150047,353814,-11,0.0,45000,,0.0,,,0.0,,0.0,0.0,0.0,0.0,,0,,,0.0,Active,0,0
2306354,264627,-11,0.0,0,0.0,106.695,0.0,0.0,0.0,0.0,0.0,0.0,0.0,0.0,0.0,0,0.0,0.0,40.0,Completed,0,0
1150047,353814,-19,0.0,45000,,0.0,,,0.0,,0.0,0.0,0.0,0.0,,0,,,0.0,Active,0,0
2486766,271368,-58,0.0,67500,0.0,0.0,0.0,0.0,0.0,269.64,0.0,0.0,0.0,0.0,0.0,0,0.0,0.0,35.0,Active,0,0
1772977,407315,-11,0.0,0,0.0,0.0,0.0,0.0,0.0,696.465,696.465,0.0,0.0,0.0,0.0,0,0.0,0.0,21.0,Active,0,0
1150047,353814,-31,0.0,270000,,0.0,,,,,0.0,0.0,0.0,0.0,,0,,,,Active,0,0
2258089,280342,-46,0.0,135000,0.0,0.0,0.0,0.0,0.0,241.38,0.0,0.0,-241.38,-241.38,0.0,0,0.0,0.0,36.0,Active,0,0
2462391,299564,-9,0.0,45000,,0.0,,,0.0,,0.0,0.0,0.0,0.0,,0,,,0.0,Active,0,0
2258089,280342,-51,0.0,135000,0.0,0.0,0.0,0.0,0.0,241.38,0.0,0.0,-241.38,-241.38,0.0,0,0.0,0.0,36.0,Active,0,0
1797936,279940,-10,0.0,90000,,0.0,,,0.0,,0.0,0.0,0.0,0.0,,0,,,0.0,Active,0,0
2486766,271368,-8,0.0,0,0.0,0.0,0.0,0.0,0.0,269.64,0.0,0.0,0.0,0.0,0.0,0,0.0,0.0,35.0,Active,0,0
2486766,271368,-33,0.0,67500,0.0,0.0,0.0,0.0,0.0,269.64,0.0,0.0,0.0,0.0,0.0,0,0.0,0.0,35.0,Active,0,0
1797936,279940,-3,0.0,90000,,0.0,,,0.0,,0.0,0.0,0.0,0.0,,0,,,0.0,Completed,0,0
2306354,264627,-35,0.0,135000,0.0,0.0,0.0,0.0,0.0,106.695,0.0,0.0,0.0,0.0,0.0,0,0.0,0.0,40.0,Active,0,0
1489539,126707,-11,0.0,0,0.0,0.0,0.0,0.0,0.0,0.9,0.9,0.0,0.0,0.0,0.0,0,0.0,0.0,0.0,Active,0,0
2486766,271368,-30,0.0,67500,0.0,0.0,0.0,0.0,0.0,269.64,0.0,0.0,0.0,0.0,0.0,0,0.0,0.0,35.0,Active,0,0
2258089,280342,-38,0.0,135000,0.0,0.0,0.0,0.0,0.0,241.38,0.0,0.0,0.0,0.0,0.0,0,0.0,0.0,36.0,Active,0,0
2306354,264627,-88,108647.64,135000,0.0,0.0,0.0,0.0,5625.0,6750.0,6750.0,104518.53,108647.64,108647.64,0.0,0,0.0,0.0,3.0,Active,0,0
1772977,407315,-26,342611.55,450000,0.0,12150.0,0.0,12150.0,17000.505,18000.0,18000.0,334160.19,342611.55,342611.55,0.0,1,0.0,1.0,15.0,Active,0,0
1797936,279940,-11,0.0,90000,,0.0,,,0.0,,0.0,0.0,0.0,0.0,,0,,,0.0,Active,0,0
2462391,299564,-17,0.0,45000,,0.0,,,0.0,,0.0,0.0,0.0,0.0,,0,,,0.0,Active,0,0
2486766,271368,-94,67877.46,67500,67500.0,67500.0,0.0,0.0,,3375.0,3375.0,64125.0,67877.46,67877.46,5.0,5,0.0,0.0,,Active,0,0
2306354,264627,-14,0.0,0,0.0,0.0,0.0,0.0,0.0,106.695,0.0,0.0,0.0,0.0,0.0,0,0.0,0.0,40.0,Active,0,0
2486766,271368,-55,0.0,67500,0.0,0.0,0.0,0.0,0.0,269.64,0.0,0.0,0.0,0.0,0.0,0,0.0,0.0,35.0,Active,0,0
2306354,264627,-8,0.0,0,0.0,0.0,0.0,0.0,0.0,0.0,0.0,0.0,0.0,0.0,0.0,0,0.0,0.0,40.0,Completed,0,0
2258089,280342,-26,0.0,135000,0.0,0.0,0.0,0.0,0.0,241.38,0.0,0.0,0.0,0.0,0.0,0,0.0,0.0,36.0,Active,0,0
2258089,280342,-90,139659.885,135000,9000.0,9000.0,0.0,0.0,6750.0,13500.0,13500.0,134719.47,139659.885,139659.885,1.0,1,0.0,0.0,5.0,Active,0,0
2306354,264627,-7,0.0,0,0.0,0.0,0.0,0.0,0.0,0.0,0.0,0.0,0.0,0.0,0.0,0,0.0,0.0,40.0,Completed,0,0
2258089,280342,-77,104956.47,135000,0.0,0.0,0.0,0.0,6750.0,13500.0,13500.0,100480.95,104956.47,104956.47,0.0,0,0.0,0.0,18.0,Active,0,0
2258089,280342,-7,0.0,0,0.0,0.0,0.0,0.0,0.0,241.38,0.0,0.0,0.0,0.0,0.0,0,0.0,0.0,36.0,Active,0,0
2486766,271368,-43,0.0,67500,0.0,0.0,0.0,0.0,0.0,269.64,0.0,0.0,0.0,0.0,0.0,0,0.0,0.0,35.0,Active,0,0
2258089,280342,-68,134200.89,135000,0.0,0.0,0.0,0.0,6750.0,9000.0,9000.0,129081.42,134200.89,134200.89,0.0,0,0.0,0.0,27.0,Active,0,0
2486766,271368,-23,0.0,67500,0.0,0.0,0.0,0.0,0.0,269.64,0.0,0.0,0.0,0.0,0.0,0,0.0,0.0,35.0,Active,0,0
2486766,271368,-86,29519.55,67500,0.0,0.0,0.0,0.0,3375.0,9000.0,9000.0,27768.645,29519.55,29519.55,0.0,0,0.0,0.0,8.0,Active,0,0
1723246,409076,-11,0.0,180000,0.0,12600.0,0.0,12600.0,0.0,15522.48,15522.48,0.0,0.0,0.0,0.0,1,0.0,1.0,1.0,Active,0,0
2306354,264627,-48,0.0,135000,0.0,0.0,0.0,0.0,0.0,106.695,0.0,0.0,-106.695,-106.695,0.0,0,0.0,0.0,40.0,Active,0,0
2306354,264627,-42,0.0,135000,0.0,0.0,0.0,0.0,0.0,106.695,0.0,0.0,0.0,0.0,0.0,0,0.0,0.0,40.0,Active,0,0
2306354,264627,-59,138001.275,135000,0.0,0.0,0.0,0.0,6750.0,6750.0,6750.0,132729.03,138001.275,138001.275,0.0,0,0.0,0.0,32.0,Active,0,0
1723246,409076,-12,0.0,180000,0.0,0.0,0.0,0.0,0.0,1122.48,1122.48,0.0,0.0,0.0,0.0,0,0.0,0.0,1.0,Active,0,0
2486766,271368,-29,0.0,67500,0.0,0.0,0.0,0.0,0.0,269.64,0.0,0.0,0.0,0.0,0.0,0,0.0,0.0,35.0,Active,0,0
1772977,407315,-29,336200.85,450000,0.0,0.0,0.0,0.0,18270.0,19350.0,19350.0,326700.135,336200.85,336200.85,0.0,0,0.0,0.0,12.0,Active,0,0
2356293,448125,-52,99456.075,112500,0.0,0.0,0.0,0.0,5625.0,5625.0,5625.0,96129.855,98950.005,98950.005,0.0,0,0.0,0.0,33.0,Active,0,0
2462391,299564,-29,0.0,315000,,0.0,,,0.0,,0.0,0.0,0.0,0.0,,0,,,0.0,Active,0,0
2258089,280342,-24,0.0,135000,0.0,0.0,0.0,0.0,0.0,241.38,0.0,0.0,0.0,0.0,0.0,0,0.0,0.0,36.0,Active,0,0
2462391,299564,-32,0.0,315000,,0.0,,,,,0.0,0.0,0.0,0.0,,0,,,,Active,0,0
1772977,407315,-18,0.0,450000,0.0,0.0,0.0,0.0,0.0,696.465,696.465,0.0,0.0,0.0,0.0,0,0.0,0.0,21.0,Active,0,0
2356293,448125,-66,111567.06,112500,9000.0,9000.0,0.0,0.0,5625.0,5850.0,5850.0,107041.095,111060.99,111060.99,1.0,1,0.0,0.0,19.0,Active,0,0
2306354,264627,-23,0.0,135000,0.0,0.0,0.0,0.0,0.0,106.695,0.0,0.0,0.0,0.0,0.0,0,0.0,0.0,40.0,Active,0,0
2486766,271368,-68,52288.065,67500,0.0,0.0,0.0,0.0,3375.0,3375.0,3375.0,50000.355,52288.065,52288.065,0.0,0,0.0,0.0,26.0,Active,0,0
2258089,280342,-82,136632.285,135000,0.0,0.0,0.0,0.0,6750.0,9000.0,9000.0,131453.1,136632.285,136632.285,0.0,0,0.0,0.0,13.0,Active,0,0
2306354,264627,-73,132946.47,135000,0.0,0.0,0.0,0.0,6750.0,6750.0,6750.0,127860.435,132946.47,132946.47,0.0,0,0.0,0.0,18.0,Active,0,0
2356293,448125,-78,95407.605,112500,0.0,0.0,0.0,0.0,5625.0,5850.0,5850.0,92252.655,94901.535,94901.535,0.0,0,0.0,0.0,7.0,Active,0,0
1242466,131286,-1,179164.305,171000,4950.0,5399.55,0.0,449.55,8837.91,9000.0,9000.0,170907.75,174673.305,174673.305,3.0,4,0.0,1.0,14.0,Active,0,0
2486766,271368,-12,0.0,0,0.0,0.0,0.0,0.0,0.0,269.64,0.0,0.0,0.0,0.0,0.0,0,0.0,0.0,35.0,Active,0,0
1723246,409076,-9,0.0,180000,0.0,115883.685,0.0,115883.685,0.0,158444.685,156874.185,0.0,0.0,0.0,0.0,30,0.0,30.0,1.0,Active,0,0
2258089,280342,-18,0.0,0,0.0,0.0,0.0,0.0,0.0,241.38,0.0,0.0,0.0,0.0,0.0,0,0.0,0.0,36.0,Active,0,0
2356293,448125,-16,0.0,45000,0.0,0.0,0.0,0.0,0.0,2.385,0.0,0.0,0.0,0.0,0.0,0,0.0,0.0,47.0,Active,0,0
2356293,448125,-38,0.0,112500,0.0,0.0,0.0,0.0,507.915,510.3,0.0,0.0,0.0,0.0,0.0,0,0.0,0.0,47.0,Active,0,0
2356293,448125,-63,104183.685,112500,0.0,0.0,0.0,0.0,5625.0,5850.0,5850.0,100933.785,103677.615,103677.615,0.0,0,0.0,0.0,22.0,Active,0,0
2486766,271368,-74,56533.545,67500,0.0,0.0,0.0,0.0,3375.0,6750.0,6750.0,54205.785,56533.545,56533.545,0.0,0,0.0,0.0,20.0,Active,0,0
2356293,448125,-59,93213.855,112500,0.0,0.0,0.0,0.0,5625.0,5625.0,5625.0,90027.225,92707.785,92707.785,0.0,0,0.0,0.0,26.0,Active,0,0
1150047,353814,-36,0.0,270000,,0.0,,,,,0.0,0.0,0.0,0.0,,0,,,,Active,0,0
2258089,280342,-61,2258.64,135000,4500.0,4500.0,0.0,0.0,6750.0,145620.0,145620.0,0.0,0.0,0.0,1.0,1,0.0,0.0,34.0,Active,0,0
2258089,280342,-50,0.0,135000,0.0,0.0,0.0,0.0,0.0,241.38,0.0,0.0,-241.38,-241.38,0.0,0,0.0,0.0,36.0,Active,0,0
2486766,271368,-15,0.0,0,0.0,0.0,0.0,0.0,0.0,269.64,0.0,0.0,0.0,0.0,0.0,0,0.0,0.0,35.0,Active,0,0
1489539,126707,-2,0.0,0,0.0,0.0,0.0,0.0,0.0,0.0,0.0,0.0,0.0,0.0,0.0,0,0.0,0.0,0.0,Completed,0,0
2258089,280342,-2,0.0,0,0.0,0.0,0.0,0.0,0.0,241.38,0.0,0.0,0.0,0.0,0.0,0,0.0,0.0,36.0,Active,0,0
2486766,271368,-64,36998.055,67500,4500.0,4500.0,0.0,0.0,3375.0,9000.0,9000.0,33980.4,36998.055,36998.055,1.0,1,0.0,0.0,30.0,Active,0,0
1797936,279940,-6,0.0,90000,,0.0,,,0.0,,0.0,0.0,0.0,0.0,,0,,,0.0,Completed,0,0
2258089,280342,-83,140453.1,135000,2250.0,2250.0,0.0,0.0,6750.0,9000.0,9000.0,134650.17,140453.1,140453.1,1.0,1,0.0,0.0,12.0,Active,0,0
2258089,280342,-44,0.0,135000,0.0,0.0,0.0,0.0,0.0,241.38,0.0,0.0,0.0,0.0,0.0,0,0.0,0.0,36.0,Active,0,0
2258089,280342,-84,141400.17,135000,11250.0,11250.0,0.0,0.0,6750.0,9000.0,9000.0,134941.275,141400.17,141400.17,2.0,2,0.0,0.0,11.0,Active,0,0
1328664,208312,-8,0.0,360000,,0.0,,,0.0,,0.0,0.0,0.0,0.0,,0,,,0.0,Active,0,0
1153736,402376,-22,130947.66,360000,0.0,0.0,0.0,0.0,6928.515,13500.0,13500.0,125070.48,130947.66,130947.66,0.0,0,0.0,0.0,2.0,Active,0,0
2486766,271368,-18,0.0,0,0.0,0.0,0.0,0.0,0.0,269.64,0.0,0.0,0.0,0.0,0.0,0,0.0,0.0,35.0,Active,0,0
2306354,264627,-18,0.0,0,0.0,0.0,0.0,0.0,0.0,106.695,0.0,0.0,0.0,0.0,0.0,0,0.0,0.0,40.0,Active,0,0
2306354,264627,-10,0.0,0,0.0,0.0,0.0,0.0,0.0,0.0,0.0,0.0,0.0,0.0,0.0,0,0.0,0.0,40.0,Completed,0,0
2258089,280342,-12,0.0,0,0.0,0.0,0.0,0.0,0.0,241.38,0.0,0.0,0.0,0.0,0.0,0,0.0,0.0,36.0,Active,0,0
2306354,264627,-56,133135.875,135000,0.0,0.0,0.0,0.0,6750.0,6885.0,6885.0,127966.455,133135.875,133135.875,0.0,0,0.0,0.0,35.0,Active,0,0
2306354,264627,-81,90996.885,135000,15750.0,15750.0,0.0,0.0,5625.0,36000.0,36000.0,84654.765,90996.885,90996.885,4.0,4,0.0,0.0,10.0,Active,0,0
2486766,271368,-84,21447.72,67500,0.0,0.0,0.0,0.0,3375.0,6750.0,6750.0,19918.71,21447.72,21447.72,0.0,0,0.0,0.0,10.0,Active,0,0
2356293,448125,-57,111568.5,112500,22500.0,22500.0,0.0,0.0,5625.0,5850.0,5850.0,107207.775,111062.43,111062.43,1.0,1,0.0,0.0,28.0,Active,0,0
2356293,448125,-55,106735.77,112500,0.0,0.0,0.0,0.0,5625.0,5850.0,5850.0,103289.94,106229.7,106229.7,0.0,0,0.0,0.0,30.0,Active,0,0
2462391,299564,-21,0.0,315000,,0.0,,,0.0,,0.0,0.0,0.0,0.0,,0,,,0.0,Active,0,0
1150047,353814,-20,0.0,45000,,0.0,,,0.0,,0.0,0.0,0.0,0.0,,0,,,0.0,Active,0,0
2356293,448125,-71,110725.74,112500,0.0,0.0,0.0,0.0,5625.0,5850.0,5850.0,107352.81,110219.67,110219.67,0.0,0,0.0,0.0,14.0,Active,0,0
2258089,280342,-71,117668.295,135000,45000.0,45000.0,0.0,0.0,6750.0,9000.0,9000.0,111402.81,117668.295,117668.295,2.0,2,0.0,0.0,24.0,Active,0,0
2356293,448125,-12,0.0,45000,0.0,0.0,0.0,0.0,0.0,2.385,0.0,0.0,0.0,0.0,0.0,0,0.0,0.0,47.0,Active,0,0
1772977,407315,-12,0.0,0,0.0,0.0,0.0,0.0,0.0,696.465,696.465,0.0,0.0,0.0,0.0,0,0.0,0.0,21.0,Active,0,0
2306354,264627,-67,140505.165,135000,0.0,0.0,0.0,0.0,6750.0,6750.0,6750.0,134902.845,140505.165,140505.165,0.0,0,0.0,0.0,24.0,Active,0,0
2486766,271368,-90,46659.33,67500,0.0,0.0,0.0,0.0,3375.0,3375.0,3375.0,44568.63,46659.33,46659.33,0.0,0,0.0,0.0,4.0,Active,0,0
2486766,271368,-53,0.0,67500,0.0,0.0,0.0,0.0,0.0,269.64,0.0,0.0,-269.64,-269.64,0.0,0,0.0,0.0,35.0,Active,0,0
1242466,131286,-13,167536.8,180000,36000.0,36000.0,0.0,0.0,6963.975,7200.0,7200.0,160879.32,164395.8,164395.8,2.0,2,0.0,0.0,2.0,Active,0,0
1254820,320940,-2,0.0,225000,,0.0,,,0.0,,0.0,0.0,0.0,0.0,,0,,,0.0,Active,0,0
1254820,320940,-4,0.0,225000,,0.0,,,0.0,,0.0,0.0,0.0,0.0,,0,,,0.0,Active,0,0
2306354,264627,-63,138583.755,135000,3150.0,3150.0,0.0,0.0,6750.0,6750.0,6750.0,132243.435,138583.755,138583.755,1.0,1,0.0,0.0,28.0,Active,0,0
2306354,264627,-22,0.0,0,0.0,0.0,0.0,0.0,0.0,106.695,0.0,0.0,0.0,0.0,0.0,0,0.0,0.0,40.0,Active,0,0
1153736,402376,-1,62433.45,76500,0.0,0.0,0.0,0.0,3205.665,4500.0,4500.0,59613.12,61766.415,61766.415,0.0,0,0.0,0.0,23.0,Active,0,0
2258089,280342,-53,0.0,135000,0.0,0.0,0.0,0.0,0.0,241.38,0.0,0.0,-241.38,-241.38,0.0,0,0.0,0.0,36.0,Active,0,0
1489539,126707,-8,0.0,0,0.0,0.0,0.0,0.0,0.0,0.9,0.9,0.0,0.0,0.0,0.0,0,0.0,0.0,0.0,Active,0,0
2258089,280342,-43,0.0,135000,0.0,0.0,0.0,0.0,0.0,241.38,0.0,0.0,0.0,0.0,0.0,0,0.0,0.0,36.0,Active,0,0
2306354,264627,-33,0.0,135000,0.0,0.0,0.0,0.0,0.0,106.695,0.0,0.0,0.0,0.0,0.0,0,0.0,0.0,40.0,Active,0,0
1723246,409076,-6,0.0,180000,0.0,206394.84,0.0,206394.84,0.0,319095.135,319095.135,0.0,0.0,0.0,0.0,36,0.0,36.0,2.0,Active,0,0
2356293,448125,-9,0.0,45000,0.0,0.0,0.0,0.0,0.0,2.385,0.0,0.0,0.0,0.0,0.0,0,0.0,0.0,47.0,Active,0,0
1328664,208312,-10,0.0,360000,,0.0,,,0.0,,0.0,0.0,0.0,0.0,,0,,,0.0,Active,0,0
2462391,299564,-38,0.0,315000,,0.0,,,,,0.0,0.0,0.0,0.0,,0,,,,Active,0,0
2258089,280342,-57,0.0,135000,0.0,0.0,0.0,0.0,0.0,241.38,0.0,0.0,0.0,0.0,0.0,0,0.0,0.0,36.0,Active,0,0
2306354,264627,-79,123103.665,135000,36000.0,36000.0,0.0,0.0,6750.0,6750.0,6750.0,117372.555,123103.665,123103.665,2.0,2,0.0,0.0,12.0,Active,0,0
1723246,409076,-4,0.0,180000,0.0,13849.38,0.0,13849.38,0.0,76973.22,76748.22,0.0,0.0,0.0,0.0,9,0.0,9.0,2.0,Active,0,0
1242466,131286,-4,157109.805,171000,13500.0,13500.0,0.0,0.0,8814.825,11250.0,11250.0,153796.275,157109.805,157109.805,1.0,1,0.0,0.0,11.0,Active,0,0
2306354,264627,-36,0.0,135000,0.0,0.0,0.0,0.0,0.0,106.695,0.0,0.0,0.0,0.0,0.0,0,0.0,0.0,40.0,Active,0,0
2356293,448125,-54,104238.765,112500,0.0,0.0,0.0,0.0,5625.0,5850.0,5850.0,100885.77,103732.695,103732.695,0.0,0,0.0,0.0,31.0,Active,0,0
2356293,448125,-30,0.0,112500,0.0,0.0,0.0,0.0,0.0,2.385,0.0,0.0,0.0,0.0,0.0,0,0.0,0.0,47.0,Active,0,0
2356293,448125,-64,106783.785,112500,0.0,0.0,0.0,0.0,5625.0,5850.0,5850.0,103337.685,106277.715,106277.715,0.0,0,0.0,0.0,21.0,Active,0,0
2258089,280342,-92,127583.325,135000,0.0,0.0,0.0,0.0,6750.0,13500.0,13500.0,122628.6,127583.325,127583.325,0.0,0,0.0,0.0,3.0,Active,0,0
2306354,264627,-90,113763.285,135000,0.0,0.0,0.0,0.0,5625.0,6750.0,6750.0,110247.75,113763.285,113763.285,0.0,0,0.0,0.0,1.0,Active,0,0
2306354,264627,-49,0.0,135000,0.0,0.0,0.0,0.0,0.0,106.695,0.0,0.0,-106.695,-106.695,0.0,0,0.0,0.0,40.0,Active,0,0
1328664,208312,-1,0.0,360000,,0.0,,,0.0,,0.0,0.0,0.0,0.0,,0,,,0.0,Active,0,0
1489539,126707,-1,0.0,0,0.0,0.0,0.0,0.0,0.0,0.0,0.0,0.0,0.0,0.0,0.0,0,0.0,0.0,0.0,Completed,0,0
2306354,264627,-39,0.0,135000,0.0,0.0,0.0,0.0,0.0,106.695,0.0,0.0,0.0,0.0,0.0,0,0.0,0.0,40.0,Active,0,0
2258089,280342,-88,132166.71,135000,8100.0,8100.0,0.0,0.0,6750.0,13500.0,13500.0,125858.97,132166.71,132166.71,2.0,2,0.0,0.0,7.0,Active,0,0
2462391,299564,-8,0.0,45000,,0.0,,,0.0,,0.0,0.0,0.0,0.0,,0,,,0.0,Active,0,0
2356293,448125,-13,0.0,45000,0.0,0.0,0.0,0.0,0.0,2.385,0.0,0.0,0.0,0.0,0.0,0,0.0,0.0,47.0,Active,0,0
2306354,264627,-61,141001.92,135000,900.0,900.0,0.0,0.0,6750.0,6750.0,6750.0,134585.1,141001.92,141001.92,1.0,1,0.0,0.0,30.0,Active,0,0
2486766,271368,-49,0.0,67500,0.0,0.0,0.0,0.0,0.0,269.64,0.0,0.0,-269.64,-269.64,0.0,0,0.0,0.0,35.0,Active,0,0
2486766,271368,-65,38480.4,67500,0.0,0.0,0.0,0.0,3375.0,9000.0,9000.0,36432.405,38480.4,38480.4,0.0,0,0.0,0.0,29.0,Active,0,0
1242466,131286,-3,162829.44,171000,6750.0,6750.0,0.0,0.0,8445.015,9000.0,9000.0,157650.615,161258.94,161258.94,1.0,1,0.0,0.0,12.0,Active,0,0
2356293,448125,-19,0.0,45000,0.0,0.0,0.0,0.0,0.0,2.385,0.0,0.0,0.0,0.0,0.0,0,0.0,0.0,47.0,Active,0,0
2258089,280342,-65,128094.03,135000,0.0,0.0,0.0,0.0,6750.0,9000.0,9000.0,123044.04,128094.03,128094.03,0.0,0,0.0,0.0,30.0,Active,0,0
2486766,271368,-60,186.75,67500,0.0,0.0,0.0,0.0,3375.0,15435.0,15435.0,0.0,0.0,0.0,0.0,0,0.0,0.0,34.0,Active,0,0
2462391,299564,-16,0.0,45000,,0.0,,,0.0,,0.0,0.0,0.0,0.0,,0,,,0.0,Active,0,0
2258089,280342,-95,138064.5,135000,135000.0,135000.0,0.0,0.0,,0.0,0.0,135000.0,138064.5,138064.5,5.0,5,0.0,0.0,,Active,0,0
1242466,131286,-5,151249.86,171000,0.0,0.0,0.0,0.0,8329.23,9450.0,9450.0,147684.15,151249.86,151249.86,0.0,0,0.0,0.0,10.0,Active,0,0
2306354,264627,-66,139050.315,135000,0.0,0.0,0.0,0.0,6750.0,6750.0,6750.0,133755.165,139050.315,139050.315,0.0,0,0.0,0.0,25.0,Active,0,0
1797936,279940,-4,0.0,90000,,0.0,,,0.0,,0.0,0.0,0.0,0.0,,0,,,0.0,Completed,0,0
1328664,208312,-2,0.0,360000,,0.0,,,0.0,,0.0,0.0,0.0,0.0,,0,,,0.0,Active,0,0
1150047,353814,-33,0.0,270000,,0.0,,,,,0.0,0.0,0.0,0.0,,0,,,,Active,0,0
2306354,264627,-44,0.0,135000,0.0,0.0,0.0,0.0,0.0,106.695,0.0,0.0,0.0,0.0,0.0,0,0.0,0.0,40.0,Active,0,0
2356293,448125,-21,0.0,45000,0.0,0.0,0.0,0.0,0.0,2.385,0.0,0.0,0.0,0.0,0.0,0,0.0,0.0,47.0,Active,0,0
1153736,402376,-17,213690.15,540000,0.0,0.0,0.0,0.0,13712.67,72000.0,58694.895,212101.65,213690.15,213690.15,0.0,0,0.0,0.0,7.0,Active,0,0
2306354,264627,-47,0.0,135000,0.0,0.0,0.0,0.0,0.0,106.695,0.0,0.0,-106.695,-106.695,0.0,0,0.0,0.0,40.0,Active,0,0
1772977,407315,-13,0.0,0,0.0,0.0,0.0,0.0,0.0,696.465,696.465,0.0,0.0,0.0,0.0,0,0.0,0.0,21.0,Active,0,0
1772977,407315,-40,115957.125,450000,13500.0,55260.0,0.0,41760.0,4501.98,9000.0,9000.0,113799.24,115957.125,115957.125,1.0,2,0.0,1.0,1.0,Active,0,0
1150047,353814,-32,0.0,270000,,0.0,,,,,0.0,0.0,0.0,0.0,,0,,,,Active,0,0
2486766,271368,-89,41930.325,67500,0.0,0.0,0.0,0.0,3375.0,6750.0,6750.0,39909.33,41930.325,41930.325,0.0,0,0.0,0.0,5.0,Active,0,0
2356293,448125,-5,0.0,45000,0.0,0.0,0.0,0.0,0.0,2.385,0.0,0.0,0.0,0.0,0.0,0,0.0,0.0,47.0,Active,0,0
2356293,448125,-58,90557.775,112500,0.0,0.0,0.0,0.0,5625.0,5850.0,5850.0,87363.855,90051.705,90051.705,0.0,0,0.0,0.0,27.0,Active,0,0
2486766,271368,-59,0.0,67500,0.0,0.0,0.0,0.0,186.75,456.39,0.0,0.0,0.0,0.0,0.0,0,0.0,0.0,35.0,Active,0,0
2258089,280342,-49,0.0,135000,0.0,0.0,0.0,0.0,0.0,241.38,0.0,0.0,-241.38,-241.38,0.0,0,0.0,0.0,36.0,Active,0,0
1772977,407315,-41,74923.425,450000,67500.0,72867.96,0.0,5367.96,,,0.0,72867.96,73577.925,73577.925,1.0,2,0.0,1.0,,Active,0,0
1772977,407315,-37,164708.235,450000,0.0,0.0,0.0,0.0,9147.375,11250.0,11250.0,160447.545,164708.235,164708.235,0.0,0,0.0,0.0,4.0,Active,0,0
1153736,402376,-4,70675.38,540000,0.0,0.0,0.0,0.0,3612.24,0.0,0.0,67744.665,70023.24,70023.24,0.0,0,0.0,0.0,20.0,Active,0,0
1797936,279940,-2,0.0,90000,,0.0,,,0.0,,0.0,0.0,0.0,0.0,,0,,,0.0,Completed,0,0
1153736,402376,-2,64466.19,540000,0.0,0.0,0.0,0.0,3347.19,5400.0,5400.0,61543.8,63781.785,63781.785,0.0,0,0.0,0.0,22.0,Active,0,0
1963907,344176,-2,0.0,135000,,0.0,,,0.0,,0.0,0.0,0.0,0.0,,0,,,0.0,Active,0,0
1150047,353814,-4,0.0,45000,,0.0,,,0.0,,0.0,0.0,0.0,0.0,,0,,,0.0,Active,0,0
2258089,280342,-4,0.0,0,0.0,0.0,0.0,0.0,0.0,241.38,0.0,0.0,0.0,0.0,0.0,0,0.0,0.0,36.0,Active,0,0
2486766,271368,-17,0.0,0,0.0,0.0,0.0,0.0,0.0,269.64,0.0,0.0,0.0,0.0,0.0,0,0.0,0.0,35.0,Active,0,0
2356293,448125,-28,0.0,112500,0.0,0.0,0.0,0.0,0.0,2.385,0.0,0.0,0.0,0.0,0.0,0,0.0,0.0,47.0,Active,0,0
2258089,280342,-54,0.0,135000,0.0,0.0,0.0,0.0,0.0,241.38,0.0,0.0,0.0,0.0,0.0,0,0.0,0.0,36.0,Active,0,0
2258089,280342,-25,0.0,135000,0.0,0.0,0.0,0.0,0.0,241.38,0.0,0.0,0.0,0.0,0.0,0,0.0,0.0,36.0,Active,0,0
1242466,131286,-9,125900.055,180000,4500.0,6432.3,0.0,1932.3,9199.845,31500.0,31500.0,122196.915,125900.055,125900.055,1.0,3,0.0,2.0,6.0,Active,0,0
1489539,126707,-5,0.0,0,0.0,0.0,0.0,0.0,0.0,0.0,0.0,0.0,0.0,0.0,0.0,0,0.0,0.0,0.0,Completed,0,0
1150047,353814,-6,0.0,45000,,0.0,,,0.0,,0.0,0.0,0.0,0.0,,0,,,0.0,Active,0,0
2306354,264627,-6,0.0,0,0.0,0.0,0.0,0.0,0.0,0.0,0.0,0.0,0.0,0.0,0.0,0,0.0,0.0,40.0,Completed,0,0
1242466,131286,-6,157052.07,171000,0.0,0.0,0.0,0.0,8569.08,9000.0,9000.0,153381.465,157052.07,157052.07,0.0,0,0.0,0.0,9.0,Active,0,0
2462391,299564,-15,0.0,45000,,0.0,,,0.0,,0.0,0.0,0.0,0.0,,0,,,0.0,Active,0,0
2258089,280342,-9,0.0,0,0.0,0.0,0.0,0.0,0.0,241.38,0.0,0.0,0.0,0.0,0.0,0,0.0,0.0,36.0,Active,0,0
2306354,264627,-9,0.0,0,0.0,0.0,0.0,0.0,0.0,0.0,0.0,0.0,0.0,0.0,0.0,0,0.0,0.0,40.0,Completed,0,0
1150047,353814,-10,0.0,45000,,0.0,,,0.0,,0.0,0.0,0.0,0.0,,0,,,0.0,Active,0,0
1150047,353814,-12,0.0,45000,,0.0,,,0.0,,0.0,0.0,0.0,0.0,,0,,,0.0,Active,0,0
1723246,409076,-3,0.0,180000,0.0,130974.21,0.0,129524.58,225.0,67374.54,67149.54,0.0,0.0,0.0,0.0,21,0.0,21.0,3.0,Active,0,0
2486766,271368,-78,45217.35,67500,0.0,0.0,0.0,0.0,3375.0,6750.0,6750.0,43117.335,45217.35,45217.35,0.0,0,0.0,0.0,16.0,Active,0,0
2306354,264627,-91,116997.75,135000,112500.0,112500.0,0.0,0.0,,0.0,0.0,112500.0,116997.75,116997.75,6.0,6,0.0,0.0,,Active,0,0
2486766,271368,-56,0.0,67500,0.0,0.0,0.0,0.0,0.0,269.64,0.0,0.0,0.0,0.0,0.0,0,0.0,0.0,35.0,Active,0,0
2486766,271368,-13,0.0,0,0.0,0.0,0.0,0.0,0.0,269.64,0.0,0.0,0.0,0.0,0.0,0,0.0,0.0,35.0,Active,0,0
1772977,407315,-39,139220.055,450000,27000.0,27000.0,0.0,0.0,6263.325,9000.0,9000.0,134266.23,137874.555,137874.555,1.0,1,0.0,0.0,2.0,Active,0,0
2462391,299564,-13,0.0,45000,,0.0,,,0.0,,0.0,0.0,0.0,0.0,,0,,,0.0,Active,0,0
2486766,271368,-52,0.0,67500,0.0,0.0,0.0,0.0,0.0,269.64,0.0,0.0,-269.64,-269.64,0.0,0,0.0,0.0,35.0,Active,0,0
2258089,280342,-10,0.0,0,0.0,0.0,0.0,0.0,0.0,241.38,0.0,0.0,0.0,0.0,0.0,0,0.0,0.0,36.0,Active,0,0
1772977,407315,-7,0.0,0,0.0,0.0,0.0,0.0,0.0,696.465,696.465,0.0,0.0,0.0,0.0,0,0.0,0.0,21.0,Active,0,0
1723246,409076,-1,0.0,180000,0.0,185.4,0.0,0.0,0.0,0.0,0.0,0.0,0.0,0.0,0.0,0,0.0,0.0,4.0,Completed,0,0
2462391,299564,-34,0.0,315000,,0.0,,,,,0.0,0.0,0.0,0.0,,0,,,,Active,0,0
2462391,299564,-30,0.0,315000,,0.0,,,,,0.0,0.0,0.0,0.0,,0,,,,Active,0,0
1150047,353814,-22,0.0,270000,,0.0,,,0.0,,0.0,0.0,0.0,0.0,,0,,,0.0,Active,0,0
2356293,448125,-14,0.0,45000,0.0,0.0,0.0,0.0,0.0,2.385,0.0,0.0,0.0,0.0,0.0,0,0.0,0.0,47.0,Active,0,0
1723246,409076,-15,0.0,180000,0.0,32269.815,0.0,32269.815,3748.905,117315.135,117315.135,0.0,0.0,0.0,0.0,11,0.0,11.0,1.0,Active,0,0
2486766,271368,-92,59282.91,67500,0.0,0.0,0.0,0.0,3375.0,6750.0,6750.0,56857.32,59282.91,59282.91,0.0,0,0.0,0.0,2.0,Active,0,0
2462391,299564,-5,0.0,45000,,0.0,,,0.0,,0.0,0.0,0.0,0.0,,0,,,0.0,Active,0,0
1153736,402376,-6,69985.62,540000,0.0,0.0,0.0,0.0,4219.83,18000.0,13852.44,69450.84,69985.62,69985.62,0.0,0,0.0,0.0,18.0,Active,0,0
2306354,264627,-64,135843.435,135000,0.0,0.0,0.0,0.0,6750.0,6750.0,6750.0,130816.125,135843.435,135843.435,0.0,0,0.0,0.0,27.0,Active,0,0
2258089,280342,-94,100899.405,135000,0.0,0.0,0.0,0.0,6750.0,40500.0,40500.0,97564.5,100899.405,100899.405,0.0,0,0.0,0.0,1.0,Active,0,0
1489539,126707,-10,0.0,0,0.0,0.0,0.0,0.0,0.0,0.9,0.9,0.0,0.0,0.0,0.0,0,0.0,0.0,0.0,Active,0,0
2258089,280342,-87,137884.005,135000,9000.0,9000.0,0.0,0.0,6750.0,9000.0,9000.0,132166.71,137884.005,137884.005,1.0,1,0.0,0.0,8.0,Active,0,0
2486766,271368,-77,67329.72,67500,22500.0,22500.0,0.0,0.0,3375.0,4500.0,4500.0,63217.35,67329.72,67329.72,2.0,2,0.0,0.0,17.0,Active,0,0
1328664,208312,-7,0.0,360000,,0.0,,,0.0,,0.0,0.0,0.0,0.0,,0,,,0.0,Active,0,0
2356293,448125,-35,0.0,112500,0.0,0.0,0.0,0.0,0.0,2.385,0.0,0.0,0.0,0.0,0.0,0,0.0,0.0,47.0,Active,0,0
2258089,280342,-62,138552.48,135000,19800.0,19800.0,0.0,0.0,6750.0,9450.0,9450.0,130093.155,138552.48,138552.48,3.0,3,0.0,0.0,33.0,Active,0,0
1328664,208312,-4,0.0,360000,,0.0,,,0.0,,0.0,0.0,0.0,0.0,,0,,,0.0,Active,0,0
1328664,208312,-3,0.0,360000,,0.0,,,0.0,,0.0,0.0,0.0,0.0,,0,,,0.0,Active,0,0
2258089,280342,-76,95731.965,135000,0.0,0.0,0.0,0.0,6750.0,13500.0,13500.0,91456.47,95731.965,95731.965,0.0,0,0.0,0.0,19.0,Active,0,0
1150047,353814,-23,0.0,270000,,0.0,,,0.0,,0.0,0.0,0.0,0.0,,0,,,0.0,Active,0,0
2258089,280342,-48,0.0,135000,0.0,0.0,0.0,0.0,0.0,241.38,0.0,0.0,-241.38,-241.38,0.0,0,0.0,0.0,36.0,Active,0,0
2462391,299564,-36,0.0,315000,,0.0,,,,,0.0,0.0,0.0,0.0,,0,,,,Active,0,0
2462391,299564,-4,0.0,45000,,0.0,,,0.0,,0.0,0.0,0.0,0.0,,0,,,0.0,Active,0,0
1153736,402376,-5,68209.515,540000,0.0,0.0,0.0,0.0,4147.56,4500.0,887.76,67744.665,68209.515,68209.515,0.0,0,0.0,0.0,19.0,Active,0,0
2306354,264627,-50,0.0,135000,0.0,0.0,0.0,0.0,0.0,106.695,0.0,0.0,-106.695,-106.695,0.0,0,0.0,0.0,40.0,Active,0,0
1772977,407315,-1,0.0,0,0.0,0.0,0.0,0.0,0.0,696.465,696.465,0.0,0.0,0.0,0.0,0,0.0,0.0,21.0,Active,0,0
1242466,131286,-2,162711.9,171000,2700.0,3150.0,0.0,450.0,8855.145,9000.0,9000.0,159102.63,162711.9,162711.9,1.0,2,0.0,1.0,13.0,Active,0,0
1254820,320940,-1,0.0,225000,,0.0,,,0.0,,0.0,0.0,0.0,0.0,,0,,,0.0,Active,0,0
1153736,402376,-7,84861.99,540000,0.0,0.0,0.0,0.0,4395.555,6750.0,6750.0,81161.28,84106.575,84106.575,0.0,0,0.0,0.0,17.0,Active,0,0
2356293,448125,-6,0.0,45000,0.0,0.0,0.0,0.0,0.0,2.385,0.0,0.0,0.0,0.0,0.0,0,0.0,0.0,47.0,Active,0,0
1772977,407315,-33,311950.665,450000,0.0,69417.0,0.0,69417.0,14433.3,15750.0,15750.0,304416.27,311950.665,311950.665,0.0,3,0.0,3.0,8.0,Active,0,0
2486766,271368,-2,0.0,0,0.0,0.0,0.0,0.0,0.0,269.64,0.0,0.0,0.0,0.0,0.0,0,0.0,0.0,35.0,Active,0,0
2486766,271368,-7,0.0,0,0.0,0.0,0.0,0.0,0.0,269.64,0.0,0.0,0.0,0.0,0.0,0,0.0,0.0,35.0,Active,0,0
1723246,409076,-7,0.0,180000,0.0,72327.96,0.0,72327.96,0.0,156371.355,156371.355,0.0,0.0,0.0,0.0,7,0.0,7.0,2.0,Active,0,0
1150047,353814,-8,0.0,45000,,0.0,,,0.0,,0.0,0.0,0.0,0.0,,0,,,0.0,Active,0,0
2258089,280342,-11,0.0,0,0.0,0.0,0.0,0.0,0.0,241.38,0.0,0.0,0.0,0.0,0.0,0,0.0,0.0,36.0,Active,0,0
1150047,353814,-3,0.0,45000,,0.0,,,0.0,,0.0,0.0,0.0,0.0,,0,,,0.0,Active,0,0
2306354,264627,-71,129512.43,135000,0.0,0.0,0.0,0.0,6750.0,6750.0,6750.0,124439.94,129512.43,129512.43,0.0,0,0.0,0.0,20.0,Active,0,0
2306354,264627,-12,0.0,0,0.0,0.0,0.0,0.0,0.0,106.695,106.695,0.0,0.0,0.0,0.0,0,0.0,0.0,40.0,Active,0,0
1150047,353814,-28,0.0,270000,,0.0,,,0.0,,0.0,0.0,0.0,0.0,,0,,,0.0,Active,0,0
2306354,264627,-28,0.0,135000,0.0,0.0,0.0,0.0,0.0,106.695,0.0,0.0,0.0,0.0,0.0,0,0.0,0.0,40.0,Active,0,0
2462391,299564,-28,0.0,315000,,0.0,,,0.0,,0.0,0.0,0.0,0.0,,0,,,0.0,Active,0,0
1772977,407315,-22,405171.855,450000,0.0,43726.5,0.0,43726.5,18806.76,20250.0,20250.0,395786.97,405171.855,405171.855,0.0,10,0.0,10.0,19.0,Active,0,0
2306354,264627,-60,139479.03,135000,0.0,0.0,0.0,0.0,6750.0,6750.0,6750.0,134251.92,139479.03,139479.03,0.0,0,0.0,0.0,31.0,Active,0,0
2462391,299564,-14,0.0,45000,,0.0,,,0.0,,0.0,0.0,0.0,0.0,,0,,,0.0,Active,0,0
2462391,299564,-47,0.0,315000,,0.0,,,,,0.0,0.0,0.0,0.0,,0,,,,Active,0,0
2258089,280342,-78,113980.95,135000,0.0,0.0,0.0,0.0,6750.0,13500.0,13500.0,109343.79,113980.95,113980.95,0.0,0,0.0,0.0,17.0,Active,0,0
2258089,280342,-5,0.0,0,0.0,0.0,0.0,0.0,0.0,241.38,0.0,0.0,0.0,0.0,0.0,0,0.0,0.0,36.0,Active,0,0
1797936,279940,-5,0.0,90000,,0.0,,,0.0,,0.0,0.0,0.0,0.0,,0,,,0.0,Completed,0,0
2306354,264627,-46,0.0,135000,0.0,0.0,0.0,0.0,0.0,106.695,0.0,0.0,0.0,0.0,0.0,0,0.0,0.0,40.0,Active,0,0
1772977,407315,-27,320744.07,450000,0.0,0.0,0.0,0.0,17452.125,18000.0,18000.0,313042.5,320744.07,320744.07,0.0,0,0.0,0.0,14.0,Active,0,0
1772977,407315,-17,0.0,0,0.0,0.0,0.0,0.0,0.0,696.465,696.465,0.0,0.0,0.0,0.0,0,0.0,0.0,21.0,Active,0,0
2356293,448125,-45,79481.025,112500,0.0,0.0,0.0,0.0,5625.0,5850.0,5850.0,76460.22,78974.955,78974.955,0.0,0,0.0,0.0,40.0,Active,0,0
1723246,409076,-13,0.0,180000,0.0,23335.965,0.0,23335.965,0.0,24607.08,24607.08,0.0,0.0,0.0,0.0,12,0.0,12.0,1.0,Active,0,0
2356293,448125,-48,87438.6,112500,0.0,0.0,0.0,0.0,5625.0,5625.0,5625.0,84299.04,86932.53,86932.53,0.0,0,0.0,0.0,37.0,Active,0,0
2258089,280342,-6,0.0,0,0.0,0.0,0.0,0.0,0.0,241.38,0.0,0.0,0.0,0.0,0.0,0,0.0,0.0,36.0,Active,0,0
2306354,264627,-82,104904.765,135000,0.0,0.0,0.0,0.0,5625.0,6750.0,6750.0,100791.0,104904.765,104904.765,0.0,0,0.0,0.0,9.0,Active,0,0
2306354,264627,-70,135802.845,135000,6750.0,6750.0,0.0,0.0,6750.0,6750.0,6750.0,129512.43,135802.845,135802.845,1.0,1,0.0,0.0,21.0,Active,0,0
2356293,448125,-33,0.0,112500,0.0,0.0,0.0,0.0,0.0,2.385,0.0,0.0,0.0,0.0,0.0,0,0.0,0.0,47.0,Active,0,0
1242466,131286,-11,171884.835,180000,12600.0,12600.0,0.0,0.0,8511.3,9000.0,9000.0,164825.82,168743.835,168743.835,2.0,2,0.0,0.0,4.0,Active,0,0
2356293,448125,-41,68103.945,112500,0.0,0.0,0.0,0.0,5625.0,11250.0,11250.0,65261.655,67597.875,67597.875,0.0,0,0.0,0.0,44.0,Active,0,0
1772977,407315,-5,0.0,0,0.0,0.0,0.0,0.0,0.0,696.465,696.465,0.0,0.0,0.0,0.0,0,0.0,0.0,21.0,Active,0,0
2258089,280342,-93,136128.6,135000,40500.0,40500.0,0.0,0.0,6750.0,11250.0,11250.0,130149.405,136128.6,136128.6,3.0,3,0.0,0.0,2.0,Active,0,0
2486766,271368,-4,0.0,0,0.0,0.0,0.0,0.0,0.0,269.64,0.0,0.0,0.0,0.0,0.0,0,0.0,0.0,35.0,Active,0,0
2306354,264627,-54,129773.025,135000,0.0,0.0,0.0,0.0,6750.0,6750.0,6750.0,124695.81,129773.025,129773.025,0.0,0,0.0,0.0,37.0,Active,0,0
2462391,299564,-40,0.0,315000,,0.0,,,,,0.0,0.0,0.0,0.0,,0,,,,Active,0,0
2258089,280342,-40,0.0,135000,0.0,0.0,0.0,0.0,0.0,241.38,0.0,0.0,0.0,0.0,0.0,0,0.0,0.0,36.0,Active,0,0
2306354,264627,-21,0.0,0,0.0,0.0,0.0,0.0,0.0,106.695,0.0,0.0,0.0,0.0,0.0,0,0.0,0.0,40.0,Active,0,0
2462391,299564,-6,0.0,45000,,0.0,,,0.0,,0.0,0.0,0.0,0.0,,0,,,0.0,Active,0,0
2486766,271368,-16,0.0,0,0.0,0.0,0.0,0.0,0.0,269.64,0.0,0.0,0.0,0.0,0.0,0,0.0,0.0,35.0,Active,0,0
2356293,448125,-18,0.0,45000,0.0,0.0,0.0,0.0,0.0,2.385,0.0,0.0,0.0,0.0,0.0,0,0.0,0.0,47.0,Active,0,0
1772977,407315,-3,0.0,0,0.0,0.0,0.0,0.0,0.0,696.465,696.465,0.0,0.0,0.0,0.0,0,0.0,0.0,21.0,Active,0,0
1489539,126707,-3,0.0,0,0.0,0.0,0.0,0.0,0.0,0.0,0.0,0.0,0.0,0.0,0.0,0,0.0,0.0,0.0,Completed,0,0
2356293,448125,-3,0.0,45000,0.0,0.0,0.0,0.0,0.0,2.385,0.0,0.0,0.0,0.0,0.0,0,0.0,0.0,47.0,Active,0,0
2306354,264627,-4,0.0,0,0.0,0.0,0.0,0.0,0.0,0.0,0.0,0.0,0.0,0.0,0.0,0,0.0,0.0,40.0,Completed,0,0
1153736,402376,-3,67375.935,540000,0.0,0.0,0.0,0.0,3520.8,5850.0,5850.0,64566.27,66748.275,66748.275,0.0,0,0.0,0.0,21.0,Active,0,0
1254820,320940,-5,0.0,225000,,0.0,,,0.0,,0.0,0.0,0.0,0.0,,0,,,0.0,Active,0,0
2486766,271368,-6,0.0,0,0.0,0.0,0.0,0.0,0.0,269.64,0.0,0.0,0.0,0.0,0.0,0,0.0,0.0,35.0,Active,0,0
2486766,271368,-41,0.0,67500,0.0,0.0,0.0,0.0,0.0,269.64,0.0,0.0,0.0,0.0,0.0,0,0.0,0.0,35.0,Active,0,0
2462391,299564,-42,0.0,315000,,0.0,,,,,0.0,0.0,0.0,0.0,,0,,,,Active,0,0
2486766,271368,-82,63253.35,67500,49500.0,49500.0,0.0,0.0,3375.0,6750.0,6750.0,58850.595,63253.35,63253.35,2.0,2,0.0,0.0,12.0,Active,0,0
2258089,280342,-89,131258.97,135000,0.0,0.0,0.0,0.0,6750.0,13500.0,13500.0,126159.885,131258.97,131258.97,0.0,0,0.0,0.0,6.0,Active,0,0
2356293,448125,-1,0.0,45000,0.0,0.0,0.0,0.0,0.0,2.385,0.0,0.0,0.0,0.0,0.0,0,0.0,0.0,47.0,Active,0,0
2258089,280342,-1,0.0,0,0.0,0.0,0.0,0.0,0.0,241.38,0.0,0.0,0.0,0.0,0.0,0,0.0,0.0,36.0,Active,0,0
2486766,271368,-35,0.0,67500,0.0,0.0,0.0,0.0,0.0,269.64,0.0,0.0,0.0,0.0,0.0,0,0.0,0.0,35.0,Active,0,0
2306354,264627,-84,110120.04,135000,0.0,0.0,0.0,0.0,5625.0,6750.0,6750.0,105936.165,110120.04,110120.04,0.0,0,0.0,0.0,7.0,Active,0,0
1150047,353814,-2,0.0,45000,,0.0,,,0.0,,0.0,0.0,0.0,0.0,,0,,,0.0,Active,0,0
1772977,407315,-2,0.0,0,0.0,0.0,0.0,0.0,0.0,696.465,696.465,0.0,0.0,0.0,0.0,0,0.0,0.0,21.0,Active,0,0
2486766,271368,-3,0.0,0,0.0,0.0,0.0,0.0,0.0,269.64,0.0,0.0,0.0,0.0,0.0,0,0.0,0.0,35.0,Active,0,0
2486766,271368,-10,0.0,0,0.0,0.0,0.0,0.0,0.0,269.64,0.0,0.0,0.0,0.0,0.0,0,0.0,0.0,35.0,Active,0,0
1153736,402376,-10,93124.575,540000,0.0,0.0,0.0,0.0,5344.695,9000.0,9000.0,88894.215,92309.58,92309.58,0.0,0,0.0,0.0,14.0,Active,0,0
2356293,448125,-82,105863.355,112500,0.0,0.0,0.0,0.0,5625.0,5850.0,5850.0,102506.715,105863.355,105863.355,0.0,0,0.0,0.0,3.0,Active,0,0
2462391,299564,-11,0.0,45000,,0.0,,,0.0,,0.0,0.0,0.0,0.0,,0,,,0.0,Active,0,0
1153736,402376,-19,286244.91,360000,0.0,0.0,0.0,0.0,15251.085,34425.0,34425.0,270596.34,286244.91,286244.91,0.0,0,0.0,0.0,5.0,Active,0,0
2462391,299564,-25,0.0,315000,,0.0,,,0.0,,0.0,0.0,0.0,0.0,,0,,,0.0,Active,0,0
2486766,271368,-87,36768.645,67500,0.0,0.0,0.0,0.0,3375.0,9000.0,9000.0,34867.035,36768.645,36768.645,0.0,0,0.0,0.0,7.0,Active,0,0
2306354,264627,-43,0.0,135000,0.0,0.0,0.0,0.0,0.0,106.695,0.0,0.0,0.0,0.0,0.0,0,0.0,0.0,40.0,Active,0,0
2486766,271368,-37,0.0,67500,0.0,0.0,0.0,0.0,0.0,269.64,0.0,0.0,0.0,0.0,0.0,0,0.0,0.0,35.0,Active,0,0
2306354,264627,-65,137566.125,135000,0.0,0.0,0.0,0.0,6750.0,6750.0,6750.0,132300.315,137566.125,137566.125,0.0,0,0.0,0.0,26.0,Active,0,0
2356293,448125,-73,82488.375,112500,0.0,0.0,0.0,0.0,5625.0,5625.0,5625.0,79534.575,81982.305,81982.305,0.0,0,0.0,0.0,12.0,Active,0,0
2306354,264627,-86,115161.48,135000,10350.0,10350.0,0.0,0.0,5625.0,6750.0,6750.0,109651.77,115161.48,115161.48,2.0,2,0.0,0.0,5.0,Active,0,0
2356293,448125,-85,116434.35,112500,0.0,112406.625,112406.625,0.0,,0.0,0.0,112406.625,116434.35,116434.35,0.0,1,1.0,0.0,,Active,0,0
1797936,279940,-12,0.0,90000,,0.0,,,0.0,,0.0,0.0,0.0,0.0,,0,,,0.0,Active,0,0
2486766,271368,-83,16100.595,67500,0.0,0.0,0.0,0.0,3375.0,6750.0,6750.0,14697.72,16100.595,16100.595,0.0,0,0.0,0.0,11.0,Active,0,0
2306354,264627,-83,107541.0,135000,0.0,0.0,0.0,0.0,5625.0,6750.0,6750.0,103370.04,107541.0,107541.0,0.0,0,0.0,0.0,8.0,Active,0,0
2356293,448125,-80,100711.71,112500,0.0,0.0,0.0,0.0,5625.0,5850.0,5850.0,97483.68,100711.71,100711.71,0.0,0,0.0,0.0,5.0,Active,0,0
1772977,407315,-14,0.0,0,0.0,0.0,0.0,0.0,0.0,696.465,696.465,0.0,0.0,0.0,0.0,0,0.0,0.0,21.0,Active,0,0
1150047,353814,-18,0.0,45000,,0.0,,,0.0,,0.0,0.0,0.0,0.0,,0,,,0.0,Active,0,0
1153736,402376,-8,88478.055,540000,0.0,0.0,0.0,0.0,4458.915,4500.0,4500.0,84678.705,87695.55,87695.55,0.0,0,0.0,0.0,16.0,Active,0,0
2462391,299564,-48,0.0,315000,,0.0,,,,,0.0,0.0,0.0,0.0,,0,,,,Active,0,0
2258089,280342,-91,138394.395,135000,18000.0,18000.0,0.0,0.0,6750.0,13500.0,13500.0,132083.325,138394.395,138394.395,2.0,2,0.0,0.0,4.0,Active,0,0
1772977,407315,-36,252871.29,450000,85500.0,97582.5,0.0,12082.5,8830.665,13500.0,13500.0,247195.665,251525.79,251525.79,1.0,3,0.0,2.0,5.0,Active,0,0
2306354,264627,-31,0.0,135000,0.0,0.0,0.0,0.0,0.0,106.695,0.0,0.0,0.0,0.0,0.0,0,0.0,0.0,40.0,Active,0,0
2486766,271368,-31,0.0,67500,0.0,0.0,0.0,0.0,0.0,269.64,0.0,0.0,0.0,0.0,0.0,0,0.0,0.0,35.0,Active,0,0
2486766,271368,-21,0.0,0,0.0,0.0,0.0,0.0,0.0,269.64,0.0,0.0,0.0,0.0,0.0,0,0.0,0.0,35.0,Active,0,0
2258089,280342,-41,0.0,135000,0.0,0.0,0.0,0.0,0.0,241.38,0.0,0.0,0.0,0.0,0.0,0,0.0,0.0,36.0,Active,0,0
2258089,280342,-80,126990.18,135000,0.0,0.0,0.0,0.0,6750.0,9000.0,9000.0,122096.25,126990.18,126990.18,0.0,0,0.0,0.0,15.0,Active,0,0
2356293,448125,-4,0.0,45000,0.0,0.0,0.0,0.0,0.0,2.385,0.0,0.0,0.0,0.0,0.0,0,0.0,0.0,47.0,Active,0,0
2258089,280342,-30,0.0,135000,0.0,0.0,0.0,0.0,0.0,241.38,0.0,0.0,0.0,0.0,0.0,0,0.0,0.0,36.0,Active,0,0
1772977,407315,-30,346280.94,450000,0.0,63450.0,0.0,63450.0,15571.395,18000.0,18000.0,338878.08,346280.94,346280.94,0.0,2,0.0,2.0,11.0,Active,0,0
1772977,407315,-32,301195.935,450000,0.0,0.0,0.0,0.0,16437.105,18000.0,18000.0,292741.65,301195.935,301195.935,0.0,0,0.0,0.0,9.0,Active,0,0
2356293,448125,-32,0.0,112500,0.0,0.0,0.0,0.0,0.0,2.385,0.0,0.0,0.0,0.0,0.0,0,0.0,0.0,47.0,Active,0,0
1772977,407315,-31,292274.775,450000,0.0,0.0,0.0,0.0,16019.055,18000.0,18000.0,284381.19,292274.775,292274.775,0.0,0,0.0,0.0,10.0,Active,0,0
1772977,407315,-21,3062.565,450000,0.0,3753.0,0.0,3753.0,20326.635,414045.0,414045.0,0.0,0.0,0.0,0.0,2,0.0,2.0,20.0,Active,0,0
2356293,448125,-15,0.0,45000,0.0,0.0,0.0,0.0,0.0,2.385,0.0,0.0,0.0,0.0,0.0,0,0.0,0.0,47.0,Active,0,0
1797936,279940,-9,0.0,90000,,0.0,,,0.0,,0.0,0.0,0.0,0.0,,0,,,0.0,Active,0,0
1772977,407315,-10,0.0,0,0.0,0.0,0.0,0.0,0.0,696.465,696.465,0.0,0.0,0.0,0.0,0,0.0,0.0,21.0,Active,0,0
2306354,264627,-38,0.0,135000,0.0,0.0,0.0,0.0,0.0,106.695,0.0,0.0,0.0,0.0,0.0,0,0.0,0.0,40.0,Active,0,0
1963907,344176,-3,0.0,135000,,0.0,,,0.0,,0.0,0.0,0.0,0.0,,0,,,0.0,Active,0,0
2306354,264627,-78,135820.89,135000,13500.0,13500.0,0.0,0.0,6750.0,6750.0,6750.0,129853.665,135820.89,135820.89,1.0,1,0.0,0.0,13.0,Active,0,0
2258089,280342,-47,0.0,135000,0.0,0.0,0.0,0.0,0.0,241.38,0.0,0.0,-241.38,-241.38,0.0,0,0.0,0.0,36.0,Active,0,0
1150047,353814,-7,0.0,45000,,0.0,,,0.0,,0.0,0.0,0.0,0.0,,0,,,0.0,Active,0,0
2258089,280342,-3,0.0,0,0.0,0.0,0.0,0.0,0.0,241.38,0.0,0.0,0.0,0.0,0.0,0,0.0,0.0,36.0,Active,0,0
2306354,264627,-5,0.0,0,0.0,0.0,0.0,0.0,0.0,0.0,0.0,0.0,0.0,0.0,0.0,0,0.0,0.0,40.0,Completed,0,0
1772977,407315,-19,0.0,450000,0.0,0.0,0.0,0.0,0.0,696.465,696.465,0.0,0.0,0.0,0.0,0,0.0,0.0,21.0,Active,0,0
2306354,264627,-20,0.0,0,0.0,0.0,0.0,0.0,0.0,106.695,0.0,0.0,0.0,0.0,0.0,0,0.0,0.0,40.0,Active,0,0
1489539,126707,-7,0.0,0,0.0,0.0,0.0,0.0,0.0,0.0,0.0,0.0,0.0,0.0,0.0,0,0.0,0.0,0.0,Completed,0,0
2258089,280342,-33,0.0,135000,0.0,0.0,0.0,0.0,0.0,241.38,0.0,0.0,0.0,0.0,0.0,0,0.0,0.0,36.0,Active,0,0
2356293,448125,-75,87748.155,112500,0.0,0.0,0.0,0.0,5625.0,5625.0,5625.0,84802.455,87242.085,87242.085,0.0,0,0.0,0.0,10.0,Active,0,0
2258089,280342,-16,0.0,0,0.0,0.0,0.0,0.0,0.0,241.38,0.0,0.0,0.0,0.0,0.0,0,0.0,0.0,36.0,Active,0,0
1723246,409076,-2,0.0,180000,0.0,0.0,0.0,0.0,225.0,370.8,370.8,0.0,0.0,0.0,0.0,0,0.0,0.0,4.0,Active,0,0
2356293,448125,-2,0.0,45000,0.0,0.0,0.0,0.0,0.0,2.385,0.0,0.0,0.0,0.0,0.0,0,0.0,0.0,47.0,Active,0,0
2486766,271368,-38,0.0,67500,0.0,0.0,0.0,0.0,0.0,269.64,0.0,0.0,0.0,0.0,0.0,0,0.0,0.0,35.0,Active,0,0
2356293,448125,-72,113202.81,112500,31500.0,31500.0,0.0,0.0,5625.0,5625.0,5625.0,108363.375,112696.74,112696.74,1.0,1,0.0,0.0,13.0,Active,0,0
2356293,448125,-49,89924.04,112500,0.0,0.0,0.0,0.0,5625.0,13500.0,13500.0,86747.985,89417.97,89417.97,0.0,0,0.0,0.0,36.0,Active,0,0
2356293,448125,-26,0.0,112500,0.0,0.0,0.0,0.0,0.0,2.385,0.0,0.0,0.0,0.0,0.0,0,0.0,0.0,47.0,Active,0,0
1797936,279940,-8,0.0,90000,,0.0,,,0.0,,0.0,0.0,0.0,0.0,,0,,,0.0,Completed,0,0
1153736,402376,-25,117405.0,360000,0.0,117405.0,0.0,117405.0,0.0,,0.0,117405.0,117405.0,117405.0,0.0,1,0.0,1.0,0.0,Active,0,0
2258089,280342,-81,131096.25,135000,2250.0,2250.0,0.0,0.0,6750.0,13500.0,13500.0,125382.285,131096.25,131096.25,1.0,1,0.0,0.0,14.0,Active,0,0
2258089,280342,-79,122843.79,135000,0.0,0.0,0.0,0.0,6750.0,9000.0,9000.0,117990.18,122843.79,122843.79,0.0,0,0.0,0.0,16.0,Active,0,0
1150047,353814,-35,0.0,270000,,0.0,,,,,0.0,0.0,0.0,0.0,,0,,,,Active,0,0
2356293,448125,-47,84875.985,112500,0.0,0.0,0.0,0.0,5625.0,5625.0,5625.0,81813.6,84369.915,84369.915,0.0,0,0.0,0.0,38.0,Active,0,0
1772977,407315,-28,329746.41,450000,0.0,0.0,0.0,0.0,17843.715,18000.0,18000.0,320874.39,329746.41,329746.41,0.0,0,0.0,0.0,13.0,Active,0,0
2356293,448125,-76,90427.455,112500,0.0,0.0,0.0,0.0,5625.0,5625.0,5625.0,87306.615,89921.385,89921.385,0.0,0,0.0,0.0,9.0,Active,0,0
2486766,271368,-63,29800.035,67500,0.0,0.0,0.0,0.0,3375.0,9000.0,9000.0,27998.055,29800.035,29800.035,0.0,0,0.0,0.0,31.0,Active,0,0
2486766,271368,-27,0.0,67500,0.0,0.0,0.0,0.0,0.0,269.64,0.0,0.0,0.0,0.0,0.0,0,0.0,0.0,35.0,Active,0,0
1150047,353814,-27,0.0,270000,,0.0,,,0.0,,0.0,0.0,0.0,0.0,,0,,,0.0,Active,0,0
2356293,448125,-29,0.0,112500,0.0,0.0,0.0,0.0,0.0,2.385,0.0,0.0,0.0,0.0,0.0,0,0.0,0.0,47.0,Active,0,0
2306354,264627,-51,0.0,135000,0.0,0.0,0.0,0.0,387.675,494.37,0.0,0.0,-106.695,-106.695,0.0,0,0.0,0.0,40.0,Active,0,0
1150047,353814,-25,0.0,270000,,0.0,,,0.0,,0.0,0.0,0.0,0.0,,0,,,0.0,Active,0,0
2486766,271368,-62,22474.44,67500,0.0,0.0,0.0,0.0,3375.0,9000.0,9000.0,20800.035,22474.44,22474.44,0.0,0,0.0,0.0,32.0,Active,0,0
2306354,264627,-30,0.0,135000,0.0,0.0,0.0,0.0,0.0,106.695,0.0,0.0,0.0,0.0,0.0,0,0.0,0.0,40.0,Active,0,0
2306354,264627,-32,0.0,135000,0.0,0.0,0.0,0.0,0.0,106.695,0.0,0.0,0.0,0.0,0.0,0,0.0,0.0,40.0,Active,0,0
1328664,208312,-6,0.0,360000,,0.0,,,0.0,,0.0,0.0,0.0,0.0,,0,,,0.0,Active,0,0
2258089,280342,-75,90730.755,135000,0.0,0.0,0.0,0.0,6750.0,9000.0,9000.0,86731.965,90730.755,90730.755,0.0,0,0.0,0.0,20.0,Active,0,0
2306354,264627,-55,131445.81,135000,0.0,0.0,0.0,0.0,6750.0,6750.0,6750.0,126385.875,131445.81,131445.81,0.0,0,0.0,0.0,36.0,Active,0,0
2258089,280342,-31,0.0,135000,0.0,0.0,0.0,0.0,0.0,241.38,0.0,0.0,0.0,0.0,0.0,0,0.0,0.0,36.0,Active,0,0
2486766,271368,-22,0.0,0,0.0,0.0,0.0,0.0,0.0,269.64,0.0,0.0,0.0,0.0,0.0,0,0.0,0.0,35.0,Active,0,0
2258089,280342,-56,0.0,135000,0.0,0.0,0.0,0.0,0.0,241.38,0.0,0.0,0.0,0.0,0.0,0,0.0,0.0,36.0,Active,0,0
2486766,271368,-40,0.0,67500,0.0,0.0,0.0,0.0,0.0,269.64,0.0,0.0,0.0,0.0,0.0,0,0.0,0.0,35.0,Active,0,0
2306354,264627,-25,0.0,135000,0.0,0.0,0.0,0.0,0.0,106.695,0.0,0.0,0.0,0.0,0.0,0,0.0,0.0,40.0,Active,0,0
1772977,407315,-23,350709.66,450000,0.0,8874.0,0.0,8874.0,18671.94,20250.0,20250.0,341812.35,350709.66,350709.66,0.0,3,0.0,3.0,18.0,Active,0,0
1153736,402376,-15,165254.715,540000,0.0,0.0,0.0,0.0,8378.28,9000.0,9000.0,158565.96,163903.23,163903.23,0.0,0,0.0,0.0,9.0,Active,0,0
2462391,299564,-19,0.0,45000,,0.0,,,0.0,,0.0,0.0,0.0,0.0,,0,,,0.0,Active,0,0
2356293,448125,-86,0.0,112500,,0.0,,,,0.0,0.0,0.0,0.0,0.0,,0,,,,Active,0,0
1772977,407315,-38,168777.135,450000,40500.0,40500.0,0.0,0.0,7438.32,13500.0,13500.0,162266.535,166086.135,166086.135,2.0,2,0.0,0.0,3.0,Active,0,0
2486766,271368,-54,0.0,67500,0.0,0.0,0.0,0.0,0.0,269.64,0.0,0.0,-269.64,-269.64,0.0,0,0.0,0.0,35.0,Active,0,0
2356293,448125,-17,0.0,45000,0.0,0.0,0.0,0.0,0.0,2.385,0.0,0.0,0.0,0.0,0.0,0,0.0,0.0,47.0,Active,0,0
2462391,299564,-22,0.0,315000,,0.0,,,0.0,,0.0,0.0,0.0,0.0,,0,,,0.0,Active,0,0
2258089,280342,-37,0.0,135000,0.0,0.0,0.0,0.0,0.0,241.38,0.0,0.0,0.0,0.0,0.0,0,0.0,0.0,36.0,Active,0,0
2258089,280342,-22,0.0,135000,0.0,0.0,0.0,0.0,0.0,241.38,0.0,0.0,0.0,0.0,0.0,0,0.0,0.0,36.0,Active,0,0
1489539,126707,-9,0.0,0,0.0,0.0,0.0,0.0,0.0,0.9,0.9,0.0,0.0,0.0,0.0,0,0.0,0.0,0.0,Active,0,0
1723246,409076,-14,0.0,180000,0.0,1507.32,0.0,1507.32,0.0,1958.445,1958.445,0.0,0.0,0.0,0.0,2,0.0,2.0,1.0,Active,0,0
2258089,280342,-13,0.0,0,0.0,0.0,0.0,0.0,0.0,241.38,0.0,0.0,0.0,0.0,0.0,0,0.0,0.0,36.0,Active,0,0
2258089,280342,-59,0.0,135000,0.0,0.0,0.0,0.0,67.5,308.88,0.0,0.0,0.0,0.0,0.0,0,0.0,0.0,36.0,Active,0,0
2356293,448125,-34,0.0,112500,0.0,0.0,0.0,0.0,0.0,2.385,0.0,0.0,0.0,0.0,0.0,0,0.0,0.0,47.0,Active,0,0
2486766,271368,-93,63607.32,67500,0.0,0.0,0.0,0.0,3375.0,6750.0,6750.0,61127.46,63607.32,63607.32,0.0,0,0.0,0.0,1.0,Active,0,0
2486766,271368,-46,0.0,67500,0.0,0.0,0.0,0.0,0.0,269.64,0.0,0.0,0.0,0.0,0.0,0,0.0,0.0,35.0,Active,0,0
2306354,264627,-13,0.0,0,0.0,0.0,0.0,0.0,0.0,106.695,0.0,0.0,0.0,0.0,0.0,0,0.0,0.0,40.0,Active,0,0
1150047,353814,-9,0.0,45000,,0.0,,,0.0,,0.0,0.0,0.0,0.0,,0,,,0.0,Active,0,0
2258089,280342,-8,0.0,0,0.0,0.0,0.0,0.0,0.0,241.38,0.0,0.0,0.0,0.0,0.0,0,0.0,0.0,36.0,Active,0,0
2306354,264627,-53,128070.63,135000,0.0,0.0,0.0,0.0,6750.0,6750.0,6750.0,123023.025,128070.63,128070.63,0.0,0,0.0,0.0,38.0,Active,0,0
2486766,271368,-47,0.0,67500,0.0,0.0,0.0,0.0,0.0,269.64,0.0,0.0,-269.64,-269.64,0.0,0,0.0,0.0,35.0,Active,0,0
1489539,126707,-13,0.0,90000,0.0,2928.6,0.0,2928.6,0.0,2930.4,2930.4,0.0,0.0,0.0,0.0,4,0.0,4.0,0.0,Active,0,0
1242466,131286,-15,141865.92,180000,135000.0,135643.05,0.0,643.05,0.0,,0.0,135643.05,137154.42,137154.42,3.0,5,0.0,2.0,0.0,Active,0,0
2356293,448125,-8,0.0,45000,0.0,0.0,0.0,0.0,0.0,2.385,0.0,0.0,0.0,0.0,0.0,0,0.0,0.0,47.0,Active,0,0
2486766,271368,-45,0.0,67500,0.0,0.0,0.0,0.0,0.0,269.64,0.0,0.0,0.0,0.0,0.0,0,0.0,0.0,35.0,Active,0,0
2486766,271368,-72,54319.86,67500,0.0,0.0,0.0,0.0,3375.0,3375.0,3375.0,52078.455,54319.86,54319.86,0.0,0,0.0,0.0,22.0,Active,0,0
2258089,280342,-32,0.0,135000,0.0,0.0,0.0,0.0,0.0,241.38,0.0,0.0,0.0,0.0,0.0,0,0.0,0.0,36.0,Active,0,0
2306354,264627,-75,136300.815,135000,0.0,0.0,0.0,0.0,6750.0,6750.0,6750.0,131126.31,136300.815,136300.815,0.0,0,0.0,0.0,16.0,Active,0,0
1150047,353814,-24,0.0,270000,,0.0,,,0.0,,0.0,0.0,0.0,0.0,,0,,,0.0,Active,0,0
2356293,448125,-61,98229.645,112500,0.0,0.0,0.0,0.0,5625.0,6750.0,6750.0,94956.615,97723.575,97723.575,0.0,0,0.0,0.0,24.0,Active,0,0
1772977,407315,-15,0.0,0,0.0,0.0,0.0,0.0,0.0,696.465,696.465,0.0,0.0,0.0,0.0,0,0.0,0.0,21.0,Active,0,0
1153736,402376,-21,322714.71,360000,45000.0,191925.0,0.0,146925.0,6505.515,6750.0,6750.0,315285.525,321369.21,321369.21,1.0,2,0.0,1.0,3.0,Active,0,0
2306354,264627,-72,131189.94,135000,0.0,0.0,0.0,0.0,6750.0,6750.0,6750.0,126196.47,131189.94,131189.94,0.0,0,0.0,0.0,19.0,Active,0,0
2258089,280342,-63,119743.155,135000,0.0,0.0,0.0,0.0,6750.0,9000.0,9000.0,115056.18,119743.155,119743.155,0.0,0,0.0,0.0,32.0,Active,0,0
2306354,264627,-62,140435.1,135000,2250.0,2250.0,0.0,0.0,6750.0,6750.0,6750.0,134083.755,140435.1,140435.1,1.0,1,0.0,0.0,29.0,Active,0,0
1772977,407315,-20,0.0,450000,0.0,0.0,0.0,0.0,2250.0,3759.03,3759.03,0.0,0.0,0.0,0.0,0,0.0,0.0,21.0,Active,0,0
2462391,299564,-39,0.0,315000,,0.0,,,,,0.0,0.0,0.0,0.0,,0,,,,Active,0,0
2356293,448125,-22,0.0,112500,0.0,0.0,0.0,0.0,0.0,2.385,0.0,0.0,0.0,0.0,0.0,0,0.0,0.0,47.0,Active,0,0
1150047,353814,-34,0.0,270000,,0.0,,,,,0.0,0.0,0.0,0.0,,0,,,,Active,0,0
2356293,448125,-31,0.0,112500,0.0,0.0,0.0,0.0,0.0,2.385,0.0,0.0,0.0,0.0,0.0,0,0.0,0.0,47.0,Active,0,0
2356293,448125,-20,0.0,45000,0.0,0.0,0.0,0.0,0.0,2.385,0.0,0.0,0.0,0.0,0.0,0,0.0,0.0,47.0,Active,0,0
2258089,280342,-34,0.0,135000,0.0,0.0,0.0,0.0,0.0,241.38,0.0,0.0,0.0,0.0,0.0,0,0.0,0.0,36.0,Active,0,0
1772977,407315,-16,0.0,0,0.0,0.0,0.0,0.0,0.0,696.465,696.465,0.0,0.0,0.0,0.0,0,0.0,0.0,21.0,Active,0,0
1150047,353814,-30,0.0,270000,,0.0,,,0.0,,0.0,0.0,0.0,0.0,,0,,,0.0,Active,0,0
1772977,407315,-9,0.0,0,0.0,0.0,0.0,0.0,0.0,696.465,696.465,0.0,0.0,0.0,0.0,0,0.0,0.0,21.0,Active,0,0
1489539,126707,-4,0.0,0,0.0,0.0,0.0,0.0,0.0,0.0,0.0,0.0,0.0,0.0,0.0,0,0.0,0.0,0.0,Completed,0,0
2486766,271368,-57,0.0,67500,0.0,0.0,0.0,0.0,0.0,269.64,0.0,0.0,0.0,0.0,0.0,0,0.0,0.0,35.0,Active,0,0
1150047,353814,-13,0.0,45000,,0.0,,,0.0,,0.0,0.0,0.0,0.0,,0,,,0.0,Active,0,0
2486766,271368,-66,45432.405,67500,0.0,0.0,0.0,0.0,3375.0,6750.0,6750.0,43262.235,45432.405,45432.405,0.0,0,0.0,0.0,28.0,Active,0,0
2462391,299564,-7,0.0,45000,,0.0,,,0.0,,0.0,0.0,0.0,0.0,,0,,,0.0,Active,0,0
2306354,264627,-24,0.0,135000,0.0,0.0,0.0,0.0,0.0,106.695,0.0,0.0,0.0,0.0,0.0,0,0.0,0.0,40.0,Active,0,0
2486766,271368,-26,0.0,67500,0.0,0.0,0.0,0.0,0.0,269.64,0.0,0.0,0.0,0.0,0.0,0,0.0,0.0,35.0,Active,0,0
2356293,448125,-53,101754.855,112500,0.0,0.0,0.0,0.0,5625.0,5850.0,5850.0,98388.765,101248.785,101248.785,0.0,0,0.0,0.0,32.0,Active,0,0
1772977,407315,-34,247571.1,450000,0.0,15796.8,0.0,15796.8,13067.19,18000.0,18000.0,241140.15,247571.1,247571.1,0.0,3,0.0,3.0,7.0,Active,0,0
1489539,126707,-6,0.0,0,0.0,0.0,0.0,0.0,0.0,0.0,0.0,0.0,0.0,0.0,0.0,0,0.0,0.0,0.0,Completed,0,0
1242466,131286,-14,129839.805,180000,0.0,2646.45,0.0,2646.45,7156.575,9000.0,9000.0,126954.72,129839.805,129839.805,0.0,2,0.0,2.0,1.0,Active,0,0
1772977,407315,-24,351801.54,450000,0.0,0.0,0.0,0.0,19142.28,20250.0,20250.0,342346.005,351801.54,351801.54,0.0,0,0.0,0.0,17.0,Active,0,0
2258089,280342,-27,0.0,135000,0.0,0.0,0.0,0.0,0.0,241.38,0.0,0.0,0.0,0.0,0.0,0,0.0,0.0,36.0,Active,0,0
2486766,271368,-32,0.0,67500,0.0,0.0,0.0,0.0,0.0,269.64,0.0,0.0,0.0,0.0,0.0,0,0.0,0.0,35.0,Active,0,0
2356293,448125,-77,92931.615,112500,0.0,0.0,0.0,0.0,5625.0,5625.0,5625.0,89782.605,92425.545,92425.545,0.0,0,0.0,0.0,8.0,Active,0,0
1153736,402376,-14,134906.625,540000,0.0,0.0,0.0,0.0,8209.665,36000.0,28394.28,134114.13,134906.625,134906.625,0.0,0,0.0,0.0,10.0,Active,0,0
2258089,280342,-15,0.0,0,0.0,0.0,0.0,0.0,0.0,241.38,0.0,0.0,0.0,0.0,0.0,0,0.0,0.0,36.0,Active,0,0
2306354,264627,-16,0.0,0,0.0,0.0,0.0,0.0,0.0,106.695,0.0,0.0,0.0,0.0,0.0,0,0.0,0.0,40.0,Active,0,0
1772977,407315,-35,246875.22,450000,0.0,0.0,0.0,0.0,13365.99,13500.0,13500.0,240319.575,246875.22,246875.22,0.0,0,0.0,0.0,6.0,Active,0,0
2258089,280342,-17,0.0,0,0.0,0.0,0.0,0.0,0.0,241.38,0.0,0.0,0.0,0.0,0.0,0,0.0,0.0,36.0,Active,0,0
1150047,353814,-17,0.0,45000,,0.0,,,0.0,,0.0,0.0,0.0,0.0,,0,,,0.0,Active,0,0
2356293,448125,-62,101706.615,112500,0.0,0.0,0.0,0.0,5625.0,5850.0,5850.0,98333.685,101200.545,101200.545,0.0,0,0.0,0.0,23.0,Active,0,0
1242466,131286,-10,162919.53,180000,0.0,5085.45,0.0,5085.45,9072.72,13725.0,13725.0,159089.85,162919.53,162919.53,0.0,5,0.0,5.0,5.0,Active,0,0
2306354,264627,-69,143459.055,135000,5850.0,5850.0,0.0,0.0,6750.0,6750.0,6750.0,134902.845,143459.055,143459.055,3.0,3,0.0,0.0,22.0,Active,0,0
2356293,448125,-7,0.0,45000,0.0,0.0,0.0,0.0,0.0,2.385,0.0,0.0,0.0,0.0,0.0,0,0.0,0.0,47.0,Active,0,0
2486766,271368,-73,55453.455,67500,0.0,0.0,0.0,0.0,3375.0,3375.0,3375.0,53158.545,55453.455,55453.455,0.0,0,0.0,0.0,21.0,Active,0,0
1150047,353814,-14,0.0,45000,,0.0,,,0.0,,0.0,0.0,0.0,0.0,,0,,,0.0,Active,0,0
2356293,448125,-69,106386.525,112500,0.0,0.0,0.0,0.0,5625.0,5625.0,5625.0,102947.85,105880.455,105880.455,0.0,0,0.0,0.0,16.0,Active,0,0
2462391,299564,-33,0.0,315000,,0.0,,,,,0.0,0.0,0.0,0.0,,0,,,,Active,0,0
2356293,448125,-10,0.0,45000,0.0,0.0,0.0,0.0,0.0,2.385,0.0,0.0,0.0,0.0,0.0,0,0.0,0.0,47.0,Active,0,0
2486766,271368,-11,0.0,0,0.0,0.0,0.0,0.0,0.0,269.64,0.0,0.0,0.0,0.0,0.0,0,0.0,0.0,35.0,Active,0,0
2486766,271368,-9,0.0,0,0.0,0.0,0.0,0.0,0.0,269.64,0.0,0.0,0.0,0.0,0.0,0,0.0,0.0,35.0,Active,0,0
1772977,407315,-8,0.0,0,0.0,0.0,0.0,0.0,0.0,696.465,696.465,0.0,0.0,0.0,0.0,0,0.0,0.0,21.0,Active,0,0
2486766,271368,-79,49867.335,67500,0.0,0.0,0.0,0.0,3375.0,6750.0,6750.0,47683.395,49867.335,49867.335,0.0,0,0.0,0.0,15.0,Active,0,0
2356293,448125,-40,70909.2,112500,0.0,0.0,0.0,0.0,5625.0,0.0,0.0,65261.655,70403.13,70403.13,0.0,0,0.0,0.0,45.0,Active,1,1
2486766,271368,-19,0.0,0,0.0,0.0,0.0,0.0,0.0,269.64,0.0,0.0,0.0,0.0,0.0,0,0.0,0.0,35.0,Active,0,0
2306354,264627,-58,136477.035,135000,0.0,0.0,0.0,0.0,6750.0,6750.0,6750.0,131251.275,136477.035,136477.035,0.0,0,0.0,0.0,33.0,Active,0,0
2486766,271368,-28,0.0,67500,0.0,0.0,0.0,0.0,0.0,269.64,0.0,0.0,0.0,0.0,0.0,0,0.0,0.0,35.0,Active,0,0
2486766,271368,-1,0.0,0,0.0,0.0,0.0,0.0,0.0,269.64,0.0,0.0,0.0,0.0,0.0,0,0.0,0.0,35.0,Active,0,0
2258089,280342,-29,0.0,135000,0.0,0.0,0.0,0.0,0.0,241.38,0.0,0.0,0.0,0.0,0.0,0,0.0,0.0,36.0,Active,0,0
2462391,299564,-12,0.0,45000,,0.0,,,0.0,,0.0,0.0,0.0,0.0,,0,,,0.0,Active,0,0
2356293,448125,-81,103333.68,112500,0.0,0.0,0.0,0.0,5625.0,5850.0,5850.0,100013.355,103333.68,103333.68,0.0,0,0.0,0.0,4.0,Active,0,0
1153736,402376,-11,98554.185,540000,0.0,0.0,0.0,0.0,5818.68,22500.0,17155.305,97894.215,98554.185,98554.185,0.0,0,0.0,0.0,13.0,Active,0,0
2258089,280342,-55,0.0,135000,0.0,0.0,0.0,0.0,0.0,241.38,0.0,0.0,0.0,0.0,0.0,0,0.0,0.0,36.0,Active,0,0
2356293,448125,-84,110863.665,112500,0.0,0.0,0.0,0.0,5625.0,9000.0,9000.0,107434.35,110863.665,110863.665,0.0,0,0.0,0.0,1.0,Active,0,0
2258089,280342,-74,85753.44,135000,0.0,0.0,0.0,0.0,6750.0,9000.0,9000.0,81730.755,85753.44,85753.44,0.0,0,0.0,0.0,21.0,Active,0,0
2356293,448125,-42,76511.655,112500,0.0,0.0,0.0,0.0,5625.0,0.0,0.0,70725.645,76005.585,76005.585,0.0,0,0.0,0.0,43.0,Active,1,1
2258089,280342,-39,0.0,135000,0.0,0.0,0.0,0.0,0.0,241.38,0.0,0.0,0.0,0.0,0.0,0,0.0,0.0,36.0,Active,0,0
2356293,448125,-44,76575.645,112500,0.0,0.0,0.0,0.0,5625.0,5850.0,5850.0,73631.025,76069.575,76069.575,0.0,0,0.0,0.0,41.0,Active,0,0
2356293,448125,-11,0.0,45000,0.0,0.0,0.0,0.0,0.0,2.385,0.0,0.0,0.0,0.0,0.0,0,0.0,0.0,47.0,Active,0,0
2306354,264627,-74,134610.435,135000,0.0,0.0,0.0,0.0,6750.0,6750.0,6750.0,129550.815,134610.435,134610.435,0.0,0,0.0,0.0,17.0,Active,0,0
1153736,402376,-13,126221.715,540000,0.0,0.0,0.0,0.0,7605.72,13500.0,13500.0,120614.13,125162.505,125162.505,0.0,0,0.0,0.0,11.0,Active,0,0
1150047,353814,-29,0.0,270000,,0.0,,,0.0,,0.0,0.0,0.0,0.0,,0,,,0.0,Active,0,0
2462391,299564,-20,0.0,315000,,0.0,,,0.0,,0.0,0.0,0.0,0.0,,0,,,0.0,Active,0,0
2306354,264627,-15,0.0,0,0.0,0.0,0.0,0.0,0.0,106.695,0.0,0.0,0.0,0.0,0.0,0,0.0,0.0,40.0,Active,0,0
2356293,448125,-23,0.0,112500,0.0,0.0,0.0,0.0,0.0,2.385,0.0,0.0,0.0,0.0,0.0,0,0.0,0.0,47.0,Active,0,0
1723246,409076,-16,76764.42,180000,0.0,111079.575,0.0,111079.575,0.0,36000.0,36000.0,75079.575,75079.575,75079.575,0.0,22,0.0,22.0,0.0,Active,0,0
2258089,280342,-23,0.0,135000,0.0,0.0,0.0,0.0,0.0,241.38,0.0,0.0,0.0,0.0,0.0,0,0.0,0.0,36.0,Active,0,0
2258089,280342,-20,0.0,0,0.0,0.0,0.0,0.0,0.0,241.38,0.0,0.0,0.0,0.0,0.0,0,0.0,0.0,36.0,Active,0,0
1150047,353814,-26,0.0,270000,,0.0,,,0.0,,0.0,0.0,0.0,0.0,,0,,,0.0,Active,0,0
2258089,280342,-60,67.5,135000,0.0,0.0,0.0,0.0,2258.64,2567.52,0.0,0.0,0.0,0.0,0.0,0,0.0,0.0,35.0,Active,0,0
2306354,264627,-68,142017.21,135000,0.0,0.0,0.0,0.0,6750.0,6750.0,6750.0,134902.845,142017.21,142017.21,0.0,0,0.0,0.0,23.0,Active,0,0
2462391,299564,-43,0.0,315000,,0.0,,,,,0.0,0.0,0.0,0.0,,0,,,,Active,0,0
2306354,264627,-29,0.0,135000,0.0,0.0,0.0,0.0,0.0,106.695,0.0,0.0,0.0,0.0,0.0,0,0.0,0.0,40.0,Active,0,0
2306354,264627,-87,106051.77,135000,0.0,0.0,0.0,0.0,5625.0,6750.0,6750.0,101897.64,106051.77,106051.77,0.0,0,0.0,0.0,4.0,Active,0,0
2462391,299564,-23,0.0,315000,,0.0,,,0.0,,0.0,0.0,0.0,0.0,,0,,,0.0,Active,0,0
2306354,264627,-80,88122.555,135000,49500.0,49500.0,0.0,0.0,5625.0,58500.0,58500.0,81996.885,88122.555,88122.555,2.0,2,0.0,0.0,11.0,Active,0,0
2486766,271368,-44,0.0,67500,0.0,0.0,0.0,0.0,0.0,269.64,0.0,0.0,0.0,0.0,0.0,0,0.0,0.0,35.0,Active,0,0
2486766,271368,-61,14978.61,67500,0.0,0.0,0.0,0.0,3375.0,9000.0,9000.0,13474.44,14978.61,14978.61,0.0,0,0.0,0.0,33.0,Active,0,0
2258089,280342,-14,0.0,0,0.0,0.0,0.0,0.0,0.0,241.38,0.0,0.0,0.0,0.0,0.0,0,0.0,0.0,36.0,Active,0,0
2258089,280342,-85,132691.275,135000,4500.0,4500.0,0.0,0.0,6750.0,13500.0,13500.0,127024.605,132691.275,132691.275,1.0,1,0.0,0.0,10.0,Active,0,0
2462391,299564,-31,0.0,315000,,0.0,,,,,0.0,0.0,0.0,0.0,,0,,,,Active,0,0
1150047,353814,-21,0.0,270000,,0.0,,,0.0,,0.0,0.0,0.0,0.0,,0,,,0.0,Active,0,0
1150047,353814,-5,0.0,45000,,0.0,,,0.0,,0.0,0.0,0.0,0.0,,0,,,0.0,Active,0,0
2486766,271368,-5,0.0,0,0.0,0.0,0.0,0.0,0.0,269.64,0.0,0.0,0.0,0.0,0.0,0,0.0,0.0,35.0,Active,0,0
2486766,271368,-50,0.0,67500,0.0,0.0,0.0,0.0,0.0,269.64,0.0,0.0,-269.64,-269.64,0.0,0,0.0,0.0,35.0,Active,0,0
1153736,402376,-23,139287.06,360000,0.0,24255.0,0.0,24255.0,5915.43,11250.0,11250.0,131314.005,139287.06,139287.06,0.0,1,0.0,1.0,1.0,Active,0,0
2486766,271368,-25,0.0,67500,0.0,0.0,0.0,0.0,0.0,269.64,0.0,0.0,0.0,0.0,0.0,0,0.0,0.0,35.0,Active,0,0
1772977,407315,-25,381427.65,450000,45000.0,45000.0,0.0,0.0,17192.16,18000.0,18000.0,370843.155,380082.15,380082.15,1.0,1,0.0,0.0,16.0,Active,0,0
2356293,448125,-68,106136.685,112500,0.0,0.0,0.0,0.0,5625.0,5625.0,5625.0,100761.525,105630.615,105630.615,0.0,0,0.0,0.0,17.0,Active,0,0
2306354,264627,-45,0.0,135000,0.0,0.0,0.0,0.0,0.0,106.695,0.0,0.0,0.0,0.0,0.0,0,0.0,0.0,40.0,Active,0,0
2486766,271368,-34,0.0,67500,0.0,0.0,0.0,0.0,0.0,269.64,0.0,0.0,0.0,0.0,0.0,0,0.0,0.0,35.0,Active,0,0
2486766,271368,-88,43867.035,67500,0.0,0.0,0.0,0.0,3375.0,0.0,0.0,39909.33,43867.035,43867.035,0.0,0,0.0,0.0,6.0,Active,1,1
1153736,402376,-18,276023.52,540000,0.0,0.0,0.0,0.0,14234.625,20250.0,20250.0,264442.5,273856.815,273856.815,0.0,0,0.0,0.0,6.0,Active,0,0
2462391,299564,-45,0.0,315000,,0.0,,,,,0.0,0.0,0.0,0.0,,0,,,,Active,0,0
1772977,407315,-42,0.0,450000,,0.0,,,,,0.0,0.0,0.0,0.0,,0,,,,Active,0,0
2356293,448125,-67,103891.095,112500,0.0,0.0,0.0,0.0,5625.0,5625.0,5625.0,100511.685,103385.025,103385.025,0.0,0,0.0,0.0,18.0,Active,0,0
2462391,299564,-35,0.0,315000,,0.0,,,,,0.0,0.0,0.0,0.0,,0,,,,Active,0,0
2258089,280342,-28,0.0,135000,0.0,0.0,0.0,0.0,0.0,241.38,0.0,0.0,0.0,0.0,0.0,0,0.0,0.0,36.0,Active,0,0
2356293,448125,-46,82310.22,112500,0.0,0.0,0.0,0.0,5625.0,5625.0,5625.0,79250.985,81804.15,81804.15,0.0,0,0.0,0.0,39.0,Active,0,0
2356293,448125,-43,73652.175,112500,0.0,0.0,0.0,0.0,5625.0,5850.0,5850.0,70725.645,73146.105,73146.105,0.0,0,0.0,0.0,42.0,Active,0,0
2356293,448125,-27,0.0,112500,0.0,0.0,0.0,0.0,0.0,2.385,0.0,0.0,0.0,0.0,0.0,0,0.0,0.0,47.0,Active,0,0
1723246,409076,-8,0.0,180000,0.0,11498.31,0.0,11498.31,1570.5,890.685,890.685,0.0,0.0,0.0,0.0,9,0.0,9.0,2.0,Active,0,0
2356293,448125,-37,0.0,112500,0.0,0.0,0.0,0.0,0.0,2.385,0.0,0.0,0.0,0.0,0.0,0,0.0,0.0,47.0,Active,0,0
2356293,448125,-83,108356.715,112500,0.0,0.0,0.0,0.0,5625.0,5850.0,5850.0,105013.665,108356.715,108356.715,0.0,0,0.0,0.0,2.0,Active,0,0
1153736,402376,-9,89670.825,540000,0.0,0.0,0.0,0.0,4626.495,6750.0,6750.0,85779.585,88879.815,88879.815,0.0,0,0.0,0.0,15.0,Active,0,0
1153736,402376,-24,118309.005,360000,0.0,0.0,0.0,0.0,0.0,,0.0,117405.0,118309.005,118309.005,0.0,0,0.0,0.0,0.0,Active,0,0
2258089,280342,-73,80619.84,135000,0.0,0.0,0.0,0.0,6750.0,9000.0,9000.0,76753.44,80619.84,80619.84,0.0,0,0.0,0.0,22.0,Active,0,0
2462391,299564,-41,0.0,315000,,0.0,,,,,0.0,0.0,0.0,0.0,,0,,,,Active,0,0
1797936,279940,-7,0.0,90000,,0.0,,,0.0,,0.0,0.0,0.0,0.0,,0,,,0.0,Completed,0,0
2258089,280342,-58,0.0,135000,0.0,0.0,0.0,0.0,0.0,241.38,0.0,0.0,0.0,0.0,0.0,0,0.0,0.0,36.0,Active,0,0
2486766,271368,-91,47943.63,67500,0.0,0.0,0.0,0.0,3375.0,13500.0,13500.0,45782.91,47943.63,47943.63,0.0,0,0.0,0.0,3.0,Active,0,0
2306354,264627,-89,111268.53,135000,0.0,0.0,0.0,0.0,5625.0,6750.0,6750.0,107013.285,111268.53,111268.53,0.0,0,0.0,0.0,2.0,Active,0,0
2306354,264627,-34,0.0,135000,0.0,0.0,0.0,0.0,0.0,106.695,0.0,0.0,0.0,0.0,0.0,0,0.0,0.0,40.0,Active,0,0
2486766,271368,-42,0.0,67500,0.0,0.0,0.0,0.0,0.0,269.64,0.0,0.0,0.0,0.0,0.0,0,0.0,0.0,35.0,Active,0,0
2486766,271368,-80,54433.395,67500,0.0,0.0,0.0,0.0,3375.0,6750.0,6750.0,52083.54,54433.395,54433.395,0.0,0,0.0,0.0,14.0,Active,0,0
2258089,280342,-67,135968.31,135000,9000.0,9000.0,0.0,0.0,6750.0,13500.0,13500.0,129700.89,135968.31,135968.31,1.0,1,0.0,0.0,28.0,Active,0,0
2356293,448125,-36,0.0,112500,0.0,0.0,0.0,0.0,0.0,2.385,0.0,0.0,0.0,0.0,0.0,0,0.0,0.0,47.0,Active,0,0
1723246,409076,-10,1570.5,180000,2250.0,65679.3,0.0,63429.3,0.0,139525.56,139525.56,0.0,0.0,0.0,1.0,28,0.0,27.0,1.0,Active,0,0
2306354,264627,-19,0.0,0,0.0,0.0,0.0,0.0,0.0,106.695,0.0,0.0,0.0,0.0,0.0,0,0.0,0.0,40.0,Active,0,0
2462391,299564,-44,0.0,315000,,0.0,,,,,0.0,0.0,0.0,0.0,,0,,,,Active,0,0
2258089,280342,-52,0.0,135000,0.0,0.0,0.0,0.0,0.0,241.38,0.0,0.0,-241.38,-241.38,0.0,0,0.0,0.0,36.0,Active,0,0
2486766,271368,-67,50012.235,67500,0.0,0.0,0.0,0.0,3375.0,4500.0,4500.0,47788.065,50012.235,50012.235,0.0,0,0.0,0.0,27.0,Active,0,0
1150047,353814,-15,0.0,45000,,0.0,,,0.0,,0.0,0.0,0.0,0.0,,0,,,0.0,Active,0,0
1242466,131286,-8,164397.78,180000,24750.0,24750.0,0.0,0.0,7894.98,11700.0,11700.0,159249.735,162827.28,162827.28,1.0,1,0.0,0.0,7.0,Active,0,0
1242466,131286,-12,160710.525,180000,0.0,9077.715,0.0,9077.715,8313.255,18000.0,18000.0,157343.13,160710.525,160710.525,0.0,3,0.0,3.0,3.0,Active,0,0
2356293,448125,-39,507.915,112500,0.0,0.0,0.0,0.0,5625.0,71419.5,71419.5,0.0,0.0,0.0,0.0,0,0.0,0.0,46.0,Active,0,0
2258089,280342,-64,124056.18,135000,0.0,0.0,0.0,0.0,6750.0,9000.0,9000.0,119094.03,124056.18,124056.18,0.0,0,0.0,0.0,31.0,Active,0,0
2306354,264627,-40,0.0,135000,0.0,0.0,0.0,0.0,0.0,106.695,0.0,0.0,0.0,0.0,0.0,0,0.0,0.0,40.0,Active,0,0
1489539,126707,-14,0.0,90000,,0.0,,,0.0,,0.0,0.0,0.0,0.0,,0,,,0.0,Active,0,0
2356293,448125,-65,109187.685,112500,0.0,0.0,0.0,0.0,5625.0,5850.0,5850.0,105717.06,108681.615,108681.615,0.0,0,0.0,0.0,20.0,Active,0,0
1153736,402376,-12,117015.75,540000,0.0,0.0,0.0,0.0,6270.705,13500.0,13500.0,111914.415,116023.5,116023.5,0.0,0,0.0,0.0,12.0,Active,0,0
2486766,271368,-14,0.0,0,0.0,0.0,0.0,0.0,0.0,269.64,0.0,0.0,0.0,0.0,0.0,0,0.0,0.0,35.0,Active,0,0
2356293,448125,-56,109139.94,112500,0.0,0.0,0.0,0.0,5625.0,5850.0,5850.0,105718.5,108633.87,108633.87,0.0,0,0.0,0.0,29.0,Active,0,0
2306354,264627,-52,387.675,135000,0.0,0.0,0.0,0.0,6750.0,128565.0,128565.0,0.0,-106.695,-106.695,0.0,0,0.0,0.0,39.0,Active,0,0
2258089,280342,-70,137409.75,135000,33750.0,33750.0,0.0,0.0,6750.0,22500.0,22500.0,128918.295,137409.75,137409.75,3.0,3,0.0,0.0,25.0,Active,0,0
2486766,271368,-71,55518.66,67500,4500.0,4500.0,0.0,0.0,3375.0,6750.0,6750.0,52069.86,55518.66,55518.66,1.0,1,0.0,0.0,23.0,Active,0,0
2258089,280342,-35,0.0,135000,0.0,0.0,0.0,0.0,0.0,241.38,0.0,0.0,0.0,0.0,0.0,0,0.0,0.0,36.0,Active,0,0
2462391,299564,-10,0.0,45000,,0.0,,,0.0,,0.0,0.0,0.0,0.0,,0,,,0.0,Active,0,0
2486766,271368,-20,0.0,0,0.0,0.0,0.0,0.0,0.0,269.64,0.0,0.0,0.0,0.0,0.0,0,0.0,0.0,35.0,Active,0,0
2462391,299564,-37,0.0,315000,,0.0,,,,,0.0,0.0,0.0,0.0,,0,,,,Active,0,0
2258089,280342,-19,0.0,0,0.0,0.0,0.0,0.0,0.0,241.38,0.0,0.0,0.0,0.0,0.0,0,0.0,0.0,36.0,Active,0,0
2306354,264627,-17,0.0,0,0.0,0.0,0.0,0.0,0.0,106.695,0.0,0.0,0.0,0.0,0.0,0,0.0,0.0,40.0,Active,0,0
2486766,271368,-36,0.0,67500,0.0,0.0,0.0,0.0,0.0,269.64,0.0,0.0,0.0,0.0,0.0,0,0.0,0.0,35.0,Active,0,0
2462391,299564,-26,0.0,315000,,0.0,,,0.0,,0.0,0.0,0.0,0.0,,0,,,0.0,Active,0,0
2462391,299564,-24,0.0,315000,,0.0,,,0.0,,0.0,0.0,0.0,0.0,,0,,,0.0,Active,0,0
2486766,271368,-48,0.0,67500,0.0,0.0,0.0,0.0,0.0,269.64,0.0,0.0,-269.64,-269.64,0.0,0,0.0,0.0,35.0,Active,0,0
2306354,264627,-37,0.0,135000,0.0,0.0,0.0,0.0,0.0,106.695,0.0,0.0,0.0,0.0,0.0,0,0.0,0.0,40.0,Active,0,0
1328664,208312,-9,0.0,360000,,0.0,,,0.0,,0.0,0.0,0.0,0.0,,0,,,0.0,Active,0,0
2258089,280342,-86,136024.605,135000,1350.0,1350.0,0.0,0.0,6750.0,9000.0,9000.0,130234.005,136024.605,136024.605,1.0,1,0.0,0.0,9.0,Active,0,0
2306354,264627,-26,0.0,135000,0.0,0.0,0.0,0.0,0.0,106.695,0.0,0.0,0.0,0.0,0.0,0,0.0,0.0,40.0,Active,0,0
2356293,448125,-25,0.0,112500,0.0,0.0,0.0,0.0,0.0,2.385,0.0,0.0,0.0,0.0,0.0,0,0.0,0.0,47.0,Active,0,0
2306354,264627,-85,112686.165,135000,0.0,0.0,0.0,0.0,5625.0,6750.0,6750.0,108411.48,112686.165,112686.165,0.0,0,0.0,0.0,6.0,Active,0,0
2258089,280342,-69,138081.42,135000,6750.0,6750.0,0.0,0.0,6750.0,13500.0,13500.0,130659.75,138081.42,138081.42,2.0,2,0.0,0.0,26.0,Active,0,0
2486766,271368,-69,53375.355,67500,0.0,0.0,0.0,0.0,3375.0,3375.0,3375.0,51089.85,53375.355,53375.355,0.0,0,0.0,0.0,25.0,Active,0,0
2486766,271368,-24,0.0,67500,0.0,0.0,0.0,0.0,0.0,269.64,0.0,0.0,0.0,0.0,0.0,0,0.0,0.0,35.0,Active,0,0
2258089,280342,-42,0.0,135000,0.0,0.0,0.0,0.0,0.0,241.38,0.0,0.0,0.0,0.0,0.0,0,0.0,0.0,36.0,Active,0,0
1153736,402376,-20,306031.815,360000,0.0,0.0,0.0,0.0,8741.205,23850.0,23850.0,297898.83,306031.815,306031.815,0.0,0,0.0,0.0,4.0,Active,0,0
2462391,299564,-27,0.0,315000,,0.0,,,0.0,,0.0,0.0,0.0,0.0,,0,,,0.0,Active,0,0
2356293,448125,-79,98102.655,112500,0.0,0.0,0.0,0.0,5625.0,5850.0,5850.0,95367.78,97596.585,97596.585,0.0,0,0.0,0.0,6.0,Active,0,0
2356293,448125,-51,96978.825,112500,0.0,0.0,0.0,0.0,5625.0,5625.0,5625.0,93831.075,96472.755,96472.755,0.0,0,0.0,0.0,34.0,Active,0,0
2306354,264627,-77,139637.97,135000,4500.0,4500.0,0.0,0.0,6750.0,6750.0,6750.0,133570.89,139637.97,139637.97,1.0,1,0.0,0.0,14.0,Active,0,0
